timestamp,week,hour,weekday,is_weekend,zone,demand_score,supply_score,demand_supply_ratio,surge_multiplier,base_price_eur,final_price_eur,voucher_applied,voucher_discount_eur,post_period,conversion,ride_duration_min
2024-01-01 10:00:00,1,10,0,0,Neukölln,1.455,4.673,0.311,1.042,6.01,6.26,0,0.0,0,1,20.0
2024-01-01 10:55:00,1,10,0,0,Neukölln,1.686,4.58,0.368,1.025,4.96,5.09,0,0.0,0,1,25.8
2024-01-01 11:55:00,1,11,0,0,Prenzlauer Berg,1.168,6.012,0.194,1.027,8.68,8.91,0,0.0,0,1,10.0
2024-01-01 15:00:00,1,15,0,0,Prenzlauer Berg,1.068,4.798,0.223,1.0,11.75,11.75,0,0.0,0,1,13.0
2024-01-01 19:51:00,1,19,0,0,Prenzlauer Berg,3.86,3.839,1.005,1.048,7.02,7.36,0,0.0,0,0,20.2
2024-01-01 23:24:00,1,23,0,0,Wedding,0.446,5.699,0.078,1.01,4.5,4.54,0,0.0,0,1,17.8
2024-01-01 23:45:00,1,23,0,0,Friedrichshain,0.487,5.188,0.094,1.0,6.71,6.71,0,0.0,0,1,27.5
2024-01-02 00:31:00,1,0,1,0,Mitte,1.816,5.264,0.345,1.006,8.05,8.09,0,0.0,0,0,17.6
2024-01-02 02:15:00,1,2,1,0,Neukölln,0.504,4.864,0.104,1.0,5.3,5.3,0,0.0,0,0,31.2
2024-01-02 04:05:00,1,4,1,0,Prenzlauer Berg,0.274,5.305,0.052,1.016,9.26,9.42,0,0.0,0,1,18.5
2024-01-02 04:17:00,1,4,1,0,Mitte,0.105,4.984,0.021,1.0,11.98,11.98,0,0.0,0,1,22.8
2024-01-02 07:05:00,1,7,1,0,Charlottenburg,3.132,3.943,0.794,1.0,7.61,7.61,0,0.0,0,0,13.1
2024-01-02 07:24:00,1,7,1,0,Prenzlauer Berg,2.527,5.537,0.456,1.0,6.84,6.84,0,0.0,0,1,15.0
2024-01-02 09:23:00,1,9,1,0,Neukölln,2.767,4.122,0.671,1.045,7.21,7.53,0,0.0,0,1,21.4
2024-01-02 11:49:00,1,11,1,0,Kreuzberg,0.832,5.165,0.161,1.0,4.92,4.92,0,0.0,0,0,28.4
2024-01-02 15:07:00,1,15,1,0,Neukölln,1.579,4.765,0.331,1.061,11.07,11.75,0,0.0,0,1,19.9
2024-01-02 15:21:00,1,15,1,0,Charlottenburg,0.621,5.039,0.123,1.0,7.32,7.32,0,0.0,0,0,14.4
2024-01-02 15:43:00,1,15,1,0,Mitte,0.877,6.074,0.144,1.0,7.1,7.1,0,0.0,0,0,25.8
2024-01-02 18:34:00,1,18,1,0,Wedding,4.988,3.267,1.527,1.0,9.28,9.28,0,0.0,0,0,6.2
2024-01-02 19:21:00,1,19,1,0,Prenzlauer Berg,3.217,4.528,0.71,1.049,7.54,7.91,0,0.0,0,1,8.4
2024-01-02 20:27:00,1,20,1,0,Kreuzberg,2.123,6.242,0.34,1.0,9.19,9.19,0,0.0,0,1,19.5
2024-01-03 00:32:00,1,0,2,0,Prenzlauer Berg,1.2,5.073,0.237,1.0,4.49,4.49,0,0.0,0,1,15.0
2024-01-03 02:16:00,1,2,2,0,Neukölln,1.422,6.159,0.231,1.006,10.51,10.58,0,0.0,0,1,19.0
2024-01-03 04:31:00,1,4,2,0,Kreuzberg,1.422,4.534,0.314,1.02,11.52,11.76,0,0.0,0,1,15.3
2024-01-03 06:45:00,1,6,2,0,Mitte,1.497,4.802,0.312,1.045,9.19,9.6,0,0.0,0,1,18.7
2024-01-03 06:50:00,1,6,2,0,Mitte,0.6,4.971,0.121,1.058,11.64,12.31,1,1.72,0,1,10.7
2024-01-03 06:54:00,1,6,2,0,Kreuzberg,1.135,5.39,0.211,1.0,5.21,5.21,0,0.0,0,1,18.7
2024-01-03 08:57:00,1,8,2,0,Neukölln,3.495,6.164,0.567,1.0,7.82,7.82,0,0.0,0,1,22.1
2024-01-03 09:15:00,1,9,2,0,Prenzlauer Berg,2.904,4.161,0.698,1.0,8.81,8.81,0,0.0,0,0,24.2
2024-01-03 09:18:00,1,9,2,0,Kreuzberg,3.457,4.427,0.781,1.01,8.65,8.74,0,0.0,0,0,33.3
2024-01-03 10:31:00,1,10,2,0,Mitte,1.389,4.646,0.299,1.0,7.21,7.21,0,0.0,0,0,16.4
2024-01-03 14:10:00,1,14,2,0,Kreuzberg,0.477,5.333,0.089,1.0,6.7,6.7,0,0.0,0,1,16.6
2024-01-03 17:52:00,1,17,2,0,Wedding,3.308,4.216,0.784,1.014,5.01,5.08,0,0.0,0,0,8.1
2024-01-03 19:21:00,1,19,2,0,Kreuzberg,3.254,6.006,0.542,1.0,7.13,7.13,0,0.0,0,0,12.0
2024-01-03 19:53:00,1,19,2,0,Wedding,3.235,4.43,0.73,1.001,5.3,5.31,0,0.0,0,1,13.8
2024-01-04 00:25:00,1,0,3,0,Prenzlauer Berg,1.536,4.721,0.325,1.0,9.87,9.87,0,0.0,0,1,22.6
2024-01-04 02:16:00,1,2,3,0,Mitte,0.556,4.878,0.114,1.0,5.67,5.67,0,0.0,0,1,11.7
2024-01-04 05:38:00,1,5,3,0,Neukölln,0.559,4.903,0.114,1.0,4.47,4.47,0,0.0,0,1,20.5
2024-01-04 06:56:00,1,6,3,0,Prenzlauer Berg,0.37,5.024,0.074,1.036,8.42,8.72,0,0.0,0,1,14.9
2024-01-04 07:14:00,1,7,3,0,Friedrichshain,1.525,4.64,0.329,1.041,8.76,9.12,0,0.0,0,1,13.9
2024-01-04 07:40:00,1,7,3,0,Wedding,1.684,5.551,0.303,1.0,10.98,10.98,0,0.0,0,0,16.4
2024-01-04 08:40:00,1,8,3,0,Mitte,3.376,4.313,0.783,1.0,8.62,8.62,0,0.0,0,1,12.7
2024-01-04 12:54:00,1,12,3,0,Mitte,0.198,5.376,0.037,1.0,6.76,6.76,0,0.0,0,1,12.5
2024-01-04 15:58:00,1,15,3,0,Friedrichshain,0.935,4.746,0.197,1.0,10.42,10.42,0,0.0,0,0,7.5
2024-01-04 16:04:00,1,16,3,0,Kreuzberg,2.513,5.301,0.474,1.0,8.32,8.32,0,0.0,0,1,13.5
2024-01-04 16:16:00,1,16,3,0,Mitte,2.027,5.06,0.401,1.0,4.63,4.63,0,0.0,0,0,12.3
2024-01-04 21:13:00,1,21,3,0,Mitte,0.647,4.815,0.134,1.0,8.53,8.53,0,0.0,0,1,12.1
2024-01-05 01:40:00,1,1,4,0,Mitte,1.069,5.364,0.199,1.0,11.26,11.26,0,0.0,0,0,17.6
2024-01-05 01:41:00,1,1,4,0,Friedrichshain,1.875,4.814,0.39,1.008,7.17,7.23,0,0.0,0,1,19.4
2024-01-05 01:51:00,1,1,4,0,Mitte,1.068,4.677,0.228,1.003,6.37,6.39,1,3.18,0,1,16.3
2024-01-05 02:09:00,1,2,4,0,Prenzlauer Berg,1.22,4.941,0.247,1.0,5.15,5.15,0,0.0,0,1,22.2
2024-01-05 03:21:00,1,3,4,0,Charlottenburg,0.354,5.274,0.067,1.007,5.21,5.25,0,0.0,0,1,18.7
2024-01-05 04:19:00,1,4,4,0,Prenzlauer Berg,1.124,4.715,0.238,1.0,7.46,7.46,0,0.0,0,0,13.2
2024-01-05 05:26:00,1,5,4,0,Mitte,0.684,6.509,0.105,1.0,8.77,8.77,0,0.0,0,1,12.4
2024-01-05 15:04:00,1,15,4,0,Neukölln,3.014,5.083,0.593,1.067,4.64,4.96,0,0.0,0,0,16.9
2024-01-05 15:11:00,1,15,4,0,Mitte,0.714,5.413,0.132,1.054,11.52,12.13,0,0.0,0,0,18.7
2024-01-05 15:37:00,1,15,4,0,Friedrichshain,1.124,4.979,0.226,1.0,10.04,10.04,0,0.0,0,0,26.0
2024-01-05 15:56:00,1,15,4,0,Neukölln,0.747,5.057,0.148,1.033,8.69,8.98,0,0.0,0,0,24.0
2024-01-05 22:17:00,1,22,4,0,Prenzlauer Berg,0.376,5.5,0.068,1.032,10.63,10.97,0,0.0,0,1,12.0
2024-01-06 01:36:00,1,1,5,1,Charlottenburg,1.772,4.853,0.365,1.0,4.64,4.64,0,0.0,0,1,14.3
2024-01-06 01:46:00,1,1,5,1,Prenzlauer Berg,2.204,4.267,0.517,1.033,7.81,8.07,0,0.0,0,0,19.5
2024-01-06 04:19:00,1,4,5,1,Prenzlauer Berg,1.663,4.849,0.343,1.062,9.04,9.6,0,0.0,0,0,22.8
2024-01-06 05:27:00,1,5,5,1,Neukölln,0.64,5.761,0.111,1.0,10.63,10.63,0,0.0,0,0,21.7
2024-01-06 11:55:00,1,11,5,1,Neukölln,0.662,5.137,0.129,1.0,10.27,10.27,0,0.0,0,0,14.5
2024-01-06 16:53:00,1,16,5,1,Kreuzberg,2.357,4.207,0.56,1.041,6.22,6.47,1,2.45,0,1,9.0
2024-01-06 17:17:00,1,17,5,1,Charlottenburg,4.699,4.281,1.098,1.011,11.53,11.65,0,0.0,0,0,10.0
2024-01-06 20:30:00,1,20,5,1,Wedding,2.247,4.348,0.517,1.022,4.99,5.1,0,0.0,0,1,16.6
2024-01-06 21:55:00,1,21,5,1,Wedding,0.751,4.917,0.153,1.014,11.0,11.15,0,0.0,0,0,17.1
2024-01-06 23:37:00,1,23,5,1,Prenzlauer Berg,0.195,5.04,0.039,1.016,11.77,11.95,0,0.0,0,1,9.6
2024-01-07 00:53:00,1,0,6,1,Prenzlauer Berg,1.512,4.711,0.321,1.0,5.42,5.42,1,2.1,0,1,15.1
2024-01-07 05:49:00,1,5,6,1,Kreuzberg,0.196,5.78,0.034,1.042,9.78,10.19,0,0.0,0,1,19.2
2024-01-07 08:25:00,1,8,6,1,Wedding,3.682,4.151,0.887,1.047,4.32,4.52,0,0.0,0,1,9.4
2024-01-07 09:46:00,1,9,6,1,Mitte,3.593,3.88,0.926,1.0,7.24,7.24,0,0.0,0,1,23.2
2024-01-07 13:10:00,1,13,6,1,Charlottenburg,0.031,6.251,0.005,1.0,8.13,8.13,0,0.0,0,0,12.8
2024-01-07 15:24:00,1,15,6,1,Kreuzberg,2.464,5.408,0.456,1.0,8.65,8.65,0,0.0,0,0,24.6
2024-01-07 15:56:00,1,15,6,1,Kreuzberg,0.927,5.902,0.157,1.021,11.49,11.72,0,0.0,0,1,12.0
2024-01-07 17:01:00,1,17,6,1,Prenzlauer Berg,4.358,3.638,1.198,1.023,9.38,9.59,0,0.0,0,0,9.9
2024-01-07 18:17:00,1,18,6,1,Wedding,5.655,3.381,1.673,1.067,7.85,8.37,0,0.0,0,1,12.4
2024-01-07 19:51:00,1,19,6,1,Mitte,4.262,6.028,0.707,1.045,10.48,10.95,0,0.0,0,1,14.3
2024-01-07 22:16:00,1,22,6,1,Charlottenburg,1.347,5.416,0.249,1.0,11.6,11.6,0,0.0,0,1,12.7
2024-01-07 23:54:00,1,23,6,1,Mitte,0.637,4.793,0.133,1.023,4.18,4.27,0,0.0,0,0,13.6
2024-01-08 01:27:00,2,1,0,0,Mitte,1.096,4.657,0.235,1.0,11.86,11.86,0,0.0,0,0,17.0
2024-01-08 05:18:00,2,5,0,0,Prenzlauer Berg,0.259,5.283,0.049,1.0,4.69,4.69,0,0.0,0,1,13.9
2024-01-08 07:42:00,2,7,0,0,Prenzlauer Berg,2.219,5.663,0.392,1.0,10.52,10.52,0,0.0,0,0,14.5
2024-01-08 08:35:00,2,8,0,0,Kreuzberg,3.909,4.096,0.954,1.009,6.24,6.3,0,0.0,0,1,7.5
2024-01-08 10:50:00,2,10,0,0,Kreuzberg,1.625,4.844,0.336,1.0,5.06,5.06,0,0.0,0,1,17.4
2024-01-08 12:21:00,2,12,0,0,Mitte,0.424,4.918,0.086,1.0,7.52,7.52,0,0.0,0,1,14.4
2024-01-08 13:40:00,2,13,0,0,Kreuzberg,0.091,5.61,0.016,1.033,9.15,9.45,0,0.0,0,1,28.3
2024-01-08 13:44:00,2,13,0,0,Wedding,1.91,5.367,0.356,1.0,7.05,7.05,0,0.0,0,1,10.2
2024-01-08 15:14:00,2,15,0,0,Wedding,0.647,5.061,0.128,1.0,4.44,4.44,0,0.0,0,0,7.2
2024-01-08 16:21:00,2,16,0,0,Kreuzberg,2.788,4.921,0.567,1.07,8.8,9.41,0,0.0,0,1,19.1
2024-01-08 16:21:00,2,16,0,0,Charlottenburg,2.064,6.28,0.329,1.055,11.22,11.84,0,0.0,0,1,17.1
2024-01-08 16:41:00,2,16,0,0,Wedding,2.019,4.43,0.456,1.0,7.07,7.07,0,0.0,0,1,9.9
2024-01-08 19:44:00,2,19,0,0,Mitte,3.49,4.223,0.827,1.028,5.73,5.89,0,0.0,0,0,8.1
2024-01-08 23:08:00,2,23,0,0,Neukölln,0.12,5.161,0.023,1.0,7.54,7.54,0,0.0,0,0,27.5
2024-01-08 23:35:00,2,23,0,0,Wedding,0.093,5.912,0.016,1.011,4.39,4.43,0,0.0,0,0,26.2
2024-01-09 03:01:00,2,3,1,0,Mitte,0.152,5.464,0.028,1.012,10.56,10.69,0,0.0,0,1,5.5
2024-01-09 05:00:00,2,5,1,0,Mitte,0.125,5.56,0.023,1.0,10.61,10.61,0,0.0,0,0,12.4
2024-01-09 05:10:00,2,5,1,0,Wedding,0.648,5.733,0.113,1.0,8.7,8.7,0,0.0,0,1,29.0
2024-01-09 05:49:00,2,5,1,0,Charlottenburg,0.215,5.227,0.041,1.0,6.82,6.82,0,0.0,0,1,12.3
2024-01-09 09:06:00,2,9,1,0,Mitte,2.774,5.509,0.504,1.0,10.4,10.4,0,0.0,0,1,12.2
2024-01-09 10:20:00,2,10,1,0,Kreuzberg,2.764,4.489,0.616,1.0,8.44,8.44,0,0.0,0,1,13.3
2024-01-09 11:00:00,2,11,1,0,Prenzlauer Berg,1.203,4.682,0.257,1.0,10.61,10.61,0,0.0,0,0,9.5
2024-01-09 11:59:00,2,11,1,0,Friedrichshain,1.394,5.226,0.267,1.0,9.05,9.05,0,0.0,0,0,7.5
2024-01-09 17:54:00,2,17,1,0,Friedrichshain,5.315,4.086,1.301,1.027,10.28,10.56,0,0.0,0,1,22.7
2024-01-09 18:58:00,2,18,1,0,Wedding,4.076,3.802,1.072,1.059,8.79,9.31,0,0.0,0,1,7.1
2024-01-09 19:19:00,2,19,1,0,Kreuzberg,3.405,4.976,0.684,1.0,7.31,7.31,0,0.0,0,1,16.4
2024-01-09 22:47:00,2,22,1,0,Charlottenburg,0.682,6.181,0.11,1.01,11.66,11.78,0,0.0,0,1,21.2
2024-01-10 01:40:00,2,1,2,0,Charlottenburg,1.535,4.657,0.33,1.02,8.33,8.5,0,0.0,0,1,8.3
2024-01-10 02:25:00,2,2,2,0,Prenzlauer Berg,0.456,7.304,0.062,1.019,8.84,9.01,0,0.0,0,0,10.3
2024-01-10 03:10:00,2,3,2,0,Mitte,0.73,4.836,0.151,1.003,5.76,5.78,1,2.06,0,0,24.2
2024-01-10 03:51:00,2,3,2,0,Wedding,0.154,5.081,0.03,1.03,9.01,9.27,0,0.0,0,1,18.4
2024-01-10 06:44:00,2,6,2,0,Neukölln,0.444,4.967,0.089,1.019,8.57,8.74,0,0.0,0,0,11.6
2024-01-10 08:52:00,2,8,2,0,Prenzlauer Berg,3.059,5.276,0.58,1.0,5.48,5.48,0,0.0,0,1,24.1
2024-01-10 14:15:00,2,14,2,0,Charlottenburg,0.474,5.471,0.087,1.035,4.48,4.63,0,0.0,0,1,24.1
2024-01-10 15:29:00,2,15,2,0,Kreuzberg,0.888,4.788,0.186,1.035,8.83,9.15,0,0.0,0,1,16.6
2024-01-10 17:02:00,2,17,2,0,Charlottenburg,3.241,4.214,0.769,1.0,10.11,10.11,0,0.0,0,1,10.4
2024-01-10 21:42:00,2,21,2,0,Friedrichshain,1.381,5.09,0.271,1.002,8.19,8.2,0,0.0,0,0,12.6
2024-01-10 22:57:00,2,22,2,0,Prenzlauer Berg,0.238,4.969,0.048,1.027,5.81,5.97,0,0.0,0,1,16.7
2024-01-11 00:11:00,2,0,3,0,Wedding,1.114,5.894,0.189,1.0,9.33,9.33,0,0.0,0,1,13.8
2024-01-11 02:00:00,2,2,3,0,Charlottenburg,1.268,5.533,0.229,1.043,4.64,4.84,0,0.0,0,1,21.7
2024-01-11 04:35:00,2,4,3,0,Kreuzberg,1.252,4.984,0.251,1.095,7.53,8.25,0,0.0,0,0,8.1
2024-01-11 05:06:00,2,5,3,0,Friedrichshain,0.835,6.757,0.124,1.0,5.31,5.31,0,0.0,0,1,8.2
2024-01-11 05:17:00,2,5,3,0,Mitte,0.706,5.077,0.139,1.0,5.48,5.48,0,0.0,0,1,16.0
2024-01-11 08:02:00,2,8,3,0,Prenzlauer Berg,3.177,6.373,0.498,1.012,5.62,5.69,0,0.0,0,1,12.2
2024-01-11 10:16:00,2,10,3,0,Kreuzberg,1.694,5.069,0.334,1.029,7.09,7.3,0,0.0,0,1,11.6
2024-01-11 10:43:00,2,10,3,0,Prenzlauer Berg,1.41,5.111,0.276,1.0,4.41,4.41,0,0.0,0,1,7.3
2024-01-11 12:29:00,2,12,3,0,Neukölln,0.254,5.02,0.051,1.058,7.18,7.6,0,0.0,0,0,15.0
2024-01-11 12:51:00,2,12,3,0,Prenzlauer Berg,0.231,6.201,0.037,1.0,8.09,8.09,0,0.0,0,1,14.6
2024-01-11 13:51:00,2,13,3,0,Neukölln,0.138,5.286,0.026,1.028,7.87,8.08,0,0.0,0,0,19.3
2024-01-11 14:20:00,2,14,3,0,Charlottenburg,0.628,4.886,0.129,1.0,7.06,7.06,0,0.0,0,1,15.3
2024-01-11 15:14:00,2,15,3,0,Kreuzberg,0.815,4.722,0.173,1.069,10.71,11.45,0,0.0,0,1,14.1
2024-01-11 16:38:00,2,16,3,0,Neukölln,1.678,4.905,0.342,1.08,5.16,5.57,0,0.0,0,0,23.8
2024-01-11 18:19:00,2,18,3,0,Kreuzberg,4.099,4.015,1.021,1.0,8.05,8.05,0,0.0,0,0,8.8
2024-01-11 18:41:00,2,18,3,0,Kreuzberg,4.46,4.201,1.062,1.0,4.5,4.5,0,0.0,0,0,18.4
2024-01-11 18:54:00,2,18,3,0,Prenzlauer Berg,4.032,4.915,0.82,1.034,4.57,4.73,0,0.0,0,1,7.6
2024-01-11 20:34:00,2,20,3,0,Kreuzberg,2.407,4.207,0.572,1.0,8.59,8.59,1,2.83,0,0,10.6
2024-01-11 23:36:00,2,23,3,0,Mitte,0.289,5.688,0.051,1.0,8.53,8.53,0,0.0,0,0,9.2
2024-01-12 04:28:00,2,4,4,0,Charlottenburg,0.267,5.031,0.053,1.001,11.02,11.04,0,0.0,0,0,20.3
2024-01-12 05:16:00,2,5,4,0,Prenzlauer Berg,0.402,6.031,0.067,1.0,8.46,8.46,0,0.0,0,1,14.5
2024-01-12 10:27:00,2,10,4,0,Prenzlauer Berg,2.07,5.301,0.39,1.0,11.68,11.68,0,0.0,0,1,14.8
2024-01-12 11:22:00,2,11,4,0,Wedding,0.514,5.287,0.097,1.0,4.39,4.39,1,2.17,0,0,9.6
2024-01-12 11:34:00,2,11,4,0,Charlottenburg,0.796,5.465,0.146,1.0,4.78,4.78,0,0.0,0,1,13.2
2024-01-12 12:34:00,2,12,4,0,Neukölln,0.378,5.094,0.074,1.058,4.35,4.6,0,0.0,0,1,11.0
2024-01-12 14:22:00,2,14,4,0,Mitte,0.239,5.299,0.045,1.0,5.48,5.48,0,0.0,0,1,17.3
2024-01-12 14:59:00,2,14,4,0,Charlottenburg,0.958,5.699,0.168,1.033,8.33,8.6,0,0.0,0,1,10.0
2024-01-13 01:28:00,2,1,5,1,Neukölln,2.015,4.664,0.432,1.0,9.16,9.16,0,0.0,0,1,25.3
2024-01-13 02:20:00,2,2,5,1,Charlottenburg,0.936,4.938,0.19,1.0,4.36,4.36,0,0.0,0,1,7.6
2024-01-13 06:33:00,2,6,5,1,Friedrichshain,1.206,4.987,0.242,1.032,11.57,11.93,0,0.0,0,0,10.8
2024-01-13 07:31:00,2,7,5,1,Kreuzberg,2.593,5.149,0.504,1.014,10.74,10.88,0,0.0,0,1,29.1
2024-01-13 07:40:00,2,7,5,1,Mitte,2.278,4.448,0.512,1.023,6.37,6.52,0,0.0,0,1,12.5
2024-01-13 09:02:00,2,9,5,1,Prenzlauer Berg,4.301,3.609,1.192,1.039,4.62,4.8,0,0.0,0,1,8.8
2024-01-13 11:52:00,2,11,5,1,Prenzlauer Berg,0.924,5.424,0.17,1.0,5.36,5.36,0,0.0,0,1,16.2
2024-01-13 12:49:00,2,12,5,1,Neukölln,0.513,5.87,0.087,1.0,5.02,5.02,0,0.0,0,1,12.3
2024-01-13 13:00:00,2,13,5,1,Kreuzberg,0.409,4.92,0.083,1.0,4.99,4.99,0,0.0,0,1,10.7
2024-01-13 13:18:00,2,13,5,1,Wedding,0.582,4.961,0.117,1.0,8.15,8.15,0,0.0,0,1,9.6
2024-01-13 13:54:00,2,13,5,1,Wedding,0.093,5.059,0.018,1.118,5.97,6.67,0,0.0,0,0,45.0
2024-01-13 14:34:00,2,14,5,1,Kreuzberg,1.0,4.907,0.204,1.05,6.87,7.21,0,0.0,0,1,13.5
2024-01-13 14:38:00,2,14,5,1,Kreuzberg,0.97,5.019,0.193,1.0,11.92,11.92,0,0.0,0,1,6.9
2024-01-13 16:15:00,2,16,5,1,Neukölln,2.15,5.077,0.423,1.0,9.47,9.47,0,0.0,0,1,27.0
2024-01-13 16:23:00,2,16,5,1,Wedding,2.837,4.639,0.612,1.019,11.59,11.82,0,0.0,0,1,19.0
2024-01-13 20:51:00,2,20,5,1,Prenzlauer Berg,2.193,4.814,0.455,1.022,5.14,5.25,1,1.98,0,1,11.0
2024-01-14 00:58:00,2,0,6,1,Kreuzberg,1.54,4.722,0.326,1.022,7.06,7.21,0,0.0,0,0,10.2
2024-01-14 05:40:00,2,5,6,1,Prenzlauer Berg,0.6,5.895,0.102,1.0,8.44,8.44,0,0.0,0,1,19.5
2024-01-14 09:06:00,2,9,6,1,Friedrichshain,3.646,4.106,0.888,1.0,4.61,4.61,0,0.0,0,1,13.5
2024-01-14 11:49:00,2,11,6,1,Kreuzberg,1.127,6.927,0.163,1.013,4.03,4.09,0,0.0,0,1,6.9
2024-01-14 12:54:00,2,12,6,1,Friedrichshain,0.771,5.333,0.145,1.003,9.36,9.4,0,0.0,0,1,30.4
2024-01-14 15:37:00,2,15,6,1,Mitte,0.987,4.736,0.208,1.0,9.13,9.13,0,0.0,0,0,12.5
2024-01-14 16:06:00,2,16,6,1,Mitte,2.14,4.927,0.434,1.0,7.29,7.29,0,0.0,0,1,27.1
2024-01-14 17:29:00,2,17,6,1,Prenzlauer Berg,4.299,3.731,1.152,1.0,7.92,7.92,0,0.0,0,0,24.8
2024-01-14 18:10:00,2,18,6,1,Kreuzberg,5.584,3.741,1.492,1.007,7.32,7.37,0,0.0,0,1,10.0
2024-01-14 19:14:00,2,19,6,1,Kreuzberg,5.753,3.03,1.899,1.279,4.19,5.36,0,0.0,0,1,22.5
2024-01-14 21:25:00,2,21,6,1,Prenzlauer Berg,1.103,4.729,0.233,1.015,6.68,6.78,0,0.0,0,1,11.5
2024-01-14 23:19:00,2,23,6,1,Kreuzberg,0.14,6.113,0.023,1.0,5.42,5.42,0,0.0,0,1,7.1
2024-01-15 00:56:00,3,0,0,0,Mitte,1.461,4.643,0.315,1.037,4.79,4.96,0,0.0,0,1,12.6
2024-01-15 01:00:00,3,1,0,0,Kreuzberg,1.37,5.609,0.244,1.019,11.65,11.88,0,0.0,0,1,17.4
2024-01-15 01:17:00,3,1,0,0,Wedding,1.664,4.614,0.361,1.017,8.79,8.94,0,0.0,0,0,12.4
2024-01-15 01:54:00,3,1,0,0,Prenzlauer Berg,1.104,5.231,0.211,1.024,9.83,10.07,0,0.0,0,1,13.2
2024-01-15 11:04:00,3,11,0,0,Prenzlauer Berg,0.915,5.391,0.17,1.082,6.52,7.06,0,0.0,0,0,23.5
2024-01-15 11:20:00,3,11,0,0,Charlottenburg,0.654,5.202,0.126,1.0,7.15,7.15,0,0.0,0,1,15.5
2024-01-15 12:14:00,3,12,0,0,Wedding,1.363,4.742,0.287,1.019,5.9,6.01,0,0.0,0,0,10.6
2024-01-15 13:07:00,3,13,0,0,Kreuzberg,0.185,5.079,0.037,1.0,4.78,4.78,0,0.0,0,0,19.7
2024-01-15 15:15:00,3,15,0,0,Friedrichshain,0.942,4.691,0.201,1.022,5.43,5.55,0,0.0,0,0,16.1
2024-01-15 15:56:00,3,15,0,0,Friedrichshain,1.617,4.652,0.348,1.0,10.38,10.38,0,0.0,0,1,5.4
2024-01-15 17:29:00,3,17,0,0,Charlottenburg,3.246,4.499,0.722,1.0,9.42,9.42,0,0.0,0,0,17.7
2024-01-15 18:48:00,3,18,0,0,Mitte,5.107,4.884,1.046,1.0,8.38,8.38,0,0.0,0,1,17.4
2024-01-15 23:10:00,3,23,0,0,Friedrichshain,0.481,6.061,0.079,1.039,7.8,8.11,0,0.0,0,1,15.0
2024-01-16 04:53:00,3,4,1,0,Mitte,0.033,5.86,0.006,1.037,11.38,11.8,0,0.0,0,1,21.3
2024-01-16 06:06:00,3,6,1,0,Charlottenburg,0.486,5.762,0.084,1.0,4.58,4.58,0,0.0,0,1,11.4
2024-01-16 08:19:00,3,8,1,0,Friedrichshain,3.243,4.521,0.717,1.002,6.24,6.26,0,0.0,0,0,17.0
2024-01-16 09:07:00,3,9,1,0,Kreuzberg,2.778,4.208,0.66,1.0,6.8,6.8,0,0.0,0,1,8.0
2024-01-16 10:49:00,3,10,1,0,Neukölln,1.723,5.823,0.296,1.0,10.26,10.26,0,0.0,0,1,17.5
2024-01-16 12:12:00,3,12,1,0,Mitte,0.214,5.592,0.038,1.0,11.94,11.94,0,0.0,0,0,32.5
2024-01-16 14:06:00,3,14,1,0,Neukölln,0.502,5.317,0.094,1.0,5.93,5.93,0,0.0,0,1,10.0
2024-01-16 14:18:00,3,14,1,0,Prenzlauer Berg,0.133,5.024,0.026,1.097,10.99,12.06,0,0.0,0,0,11.0
2024-01-16 14:29:00,3,14,1,0,Kreuzberg,0.935,5.028,0.186,1.017,10.64,10.83,0,0.0,0,1,11.2
2024-01-16 16:37:00,3,16,1,0,Mitte,3.097,4.286,0.722,1.0,5.8,5.8,0,0.0,0,1,15.7
2024-01-16 18:48:00,3,18,1,0,Wedding,5.388,4.314,1.249,1.0,7.19,7.19,0,0.0,0,1,9.7
2024-01-16 20:59:00,3,20,1,0,Mitte,2.198,4.705,0.467,1.041,7.28,7.57,0,0.0,0,0,17.6
2024-01-16 22:20:00,3,22,1,0,Mitte,0.17,5.228,0.033,1.084,11.83,12.81,0,0.0,0,0,20.9
2024-01-16 22:33:00,3,22,1,0,Kreuzberg,0.682,7.019,0.097,1.0,5.45,5.45,0,0.0,0,0,18.4
2024-01-16 23:16:00,3,23,1,0,Charlottenburg,0.025,5.062,0.005,1.0,10.39,10.39,0,0.0,0,1,7.3
2024-01-17 00:33:00,3,0,2,0,Charlottenburg,1.068,4.956,0.215,1.075,6.67,7.17,0,0.0,0,1,22.2
2024-01-17 01:39:00,3,1,2,0,Mitte,1.215,4.6,0.264,1.016,9.85,10.0,0,0.0,0,1,21.6
2024-01-17 07:27:00,3,7,2,0,Kreuzberg,1.642,5.233,0.314,1.0,7.36,7.36,0,0.0,0,1,20.7
2024-01-17 07:54:00,3,7,2,0,Kreuzberg,1.962,5.814,0.337,1.021,8.63,8.81,0,0.0,0,1,17.3
2024-01-17 08:15:00,3,8,2,0,Kreuzberg,3.21,4.073,0.788,1.0,10.66,10.66,0,0.0,0,0,16.2
2024-01-17 08:44:00,3,8,2,0,Prenzlauer Berg,2.987,5.127,0.583,1.0,10.43,10.43,0,0.0,0,1,22.5
2024-01-17 08:51:00,3,8,2,0,Friedrichshain,2.878,4.2,0.685,1.013,10.93,11.07,0,0.0,0,1,32.1
2024-01-17 08:57:00,3,8,2,0,Kreuzberg,5.091,4.668,1.091,1.037,4.48,4.64,1,1.78,0,1,10.2
2024-01-17 12:09:00,3,12,2,0,Kreuzberg,0.266,5.748,0.046,1.0,9.54,9.54,0,0.0,0,0,22.9
2024-01-17 14:33:00,3,14,2,0,Prenzlauer Berg,0.354,5.856,0.061,1.003,5.12,5.14,0,0.0,0,1,14.4
2024-01-17 15:17:00,3,15,2,0,Wedding,0.613,4.796,0.128,1.0,7.33,7.33,0,0.0,0,1,14.1
2024-01-17 18:52:00,3,18,2,0,Wedding,4.634,5.353,0.866,1.01,8.39,8.47,0,0.0,0,1,8.0
2024-01-17 18:59:00,3,18,2,0,Neukölln,4.473,4.213,1.062,1.0,7.22,7.22,0,0.0,0,1,13.3
2024-01-17 18:59:00,3,18,2,0,Kreuzberg,4.1,3.783,1.084,1.0,8.16,8.16,0,0.0,0,1,10.0
2024-01-17 20:00:00,3,20,2,0,Mitte,1.679,5.473,0.307,1.0,11.97,11.97,0,0.0,0,1,12.4
2024-01-17 22:20:00,3,22,2,0,Kreuzberg,0.571,4.999,0.114,1.026,5.08,5.21,0,0.0,0,0,9.6
2024-01-18 03:53:00,3,3,3,0,Kreuzberg,0.478,6.07,0.079,1.034,9.4,9.73,0,0.0,0,0,12.4
2024-01-18 07:20:00,3,7,3,0,Prenzlauer Berg,1.501,4.546,0.33,1.0,7.17,7.17,0,0.0,0,1,12.6
2024-01-18 13:43:00,3,13,3,0,Friedrichshain,1.223,5.302,0.231,1.002,5.06,5.07,0,0.0,0,1,15.5
2024-01-18 14:54:00,3,14,3,0,Neukölln,0.18,5.404,0.033,1.0,5.27,5.27,0,0.0,0,1,7.8
2024-01-18 15:19:00,3,15,3,0,Neukölln,0.768,4.792,0.16,1.0,11.59,11.59,0,0.0,0,0,8.3
2024-01-18 21:13:00,3,21,3,0,Kreuzberg,1.692,4.574,0.37,1.0,11.04,11.04,0,0.0,0,1,17.2
2024-01-18 23:17:00,3,23,3,0,Friedrichshain,0.233,4.926,0.047,1.105,11.26,12.44,0,0.0,0,1,10.8
2024-01-19 03:30:00,3,3,4,0,Kreuzberg,0.46,5.219,0.088,1.0,11.93,11.93,0,0.0,0,1,22.9
2024-01-19 10:45:00,3,10,4,0,Mitte,1.576,4.663,0.338,1.059,5.67,6.0,0,0.0,0,1,16.3
2024-01-19 11:06:00,3,11,4,0,Friedrichshain,0.471,5.383,0.087,1.04,6.84,7.12,0,0.0,0,0,19.0
2024-01-19 13:40:00,3,13,4,0,Mitte,1.672,4.627,0.361,1.011,9.35,9.46,0,0.0,0,1,26.2
2024-01-19 13:52:00,3,13,4,0,Prenzlauer Berg,0.229,5.134,0.045,1.07,7.87,8.42,0,0.0,0,1,13.1
2024-01-19 17:02:00,3,17,4,0,Kreuzberg,4.101,4.38,0.936,1.015,7.35,7.46,0,0.0,0,1,11.8
2024-01-19 20:11:00,3,20,4,0,Friedrichshain,1.749,4.417,0.396,1.016,6.86,6.97,0,0.0,0,1,21.1
2024-01-19 21:23:00,3,21,4,0,Friedrichshain,0.637,6.176,0.103,1.0,8.75,8.75,0,0.0,0,0,18.2
2024-01-20 00:43:00,3,0,5,1,Kreuzberg,1.389,5.661,0.245,1.049,8.6,9.03,0,0.0,0,0,13.8
2024-01-20 02:39:00,3,2,5,1,Neukölln,0.928,5.336,0.174,1.044,5.29,5.52,0,0.0,0,1,26.0
2024-01-20 04:00:00,3,4,5,1,Kreuzberg,0.191,5.473,0.035,1.0,7.77,7.77,0,0.0,0,1,13.7
2024-01-20 08:16:00,3,8,5,1,Prenzlauer Berg,4.375,4.806,0.91,1.0,8.43,8.43,0,0.0,0,1,15.1
2024-01-20 10:10:00,3,10,5,1,Friedrichshain,2.042,4.408,0.463,1.0,8.56,8.56,0,0.0,0,1,15.0
2024-01-20 23:27:00,3,23,5,1,Friedrichshain,1.399,4.56,0.307,1.0,5.68,5.68,0,0.0,0,1,10.2
2024-01-20 23:45:00,3,23,5,1,Wedding,0.102,5.129,0.02,1.0,9.94,9.94,0,0.0,0,0,15.3
2024-01-21 02:58:00,3,2,6,1,Kreuzberg,1.318,5.488,0.24,1.049,4.2,4.41,0,0.0,0,1,26.0
2024-01-21 04:25:00,3,4,6,1,Friedrichshain,0.606,4.809,0.126,1.0,6.84,6.84,1,2.53,0,1,17.8
2024-01-21 05:08:00,3,5,6,1,Charlottenburg,0.645,5.299,0.122,1.0,10.24,10.24,0,0.0,0,1,15.1
2024-01-21 09:13:00,3,9,6,1,Wedding,4.321,6.722,0.643,1.002,8.51,8.53,0,0.0,0,0,13.9
2024-01-21 12:20:00,3,12,6,1,Mitte,0.63,5.941,0.106,1.034,6.09,6.3,0,0.0,0,1,17.0
2024-01-21 13:52:00,3,13,6,1,Friedrichshain,0.417,5.296,0.079,1.0,9.56,9.56,0,0.0,0,0,20.1
2024-01-21 14:12:00,3,14,6,1,Charlottenburg,0.205,4.968,0.041,1.0,8.54,8.54,0,0.0,0,1,19.0
2024-01-21 15:10:00,3,15,6,1,Kreuzberg,0.717,5.817,0.123,1.008,10.37,10.46,0,0.0,0,1,13.0
2024-01-21 19:07:00,3,19,6,1,Prenzlauer Berg,5.178,3.736,1.386,1.048,9.88,10.35,0,0.0,0,0,16.9
2024-01-21 21:34:00,3,21,6,1,Kreuzberg,1.087,4.693,0.232,1.0,8.88,8.88,0,0.0,0,1,18.0
2024-01-22 08:24:00,4,8,0,0,Charlottenburg,3.387,3.874,0.875,1.0,7.91,7.91,0,0.0,0,0,9.9
2024-01-22 08:27:00,4,8,0,0,Neukölln,3.013,5.388,0.559,1.025,5.07,5.19,0,0.0,0,1,15.9
2024-01-22 09:17:00,4,9,0,0,Charlottenburg,2.8,4.684,0.598,1.0,6.09,6.09,0,0.0,0,1,6.3
2024-01-22 10:28:00,4,10,0,0,Charlottenburg,1.427,5.561,0.257,1.0,7.35,7.35,0,0.0,0,1,18.0
2024-01-22 13:27:00,4,13,0,0,Prenzlauer Berg,0.481,6.099,0.079,1.0,8.79,8.79,0,0.0,0,1,19.4
2024-01-22 14:42:00,4,14,0,0,Mitte,0.339,5.39,0.063,1.0,8.11,8.11,0,0.0,0,1,20.1
2024-01-22 18:24:00,4,18,0,0,Kreuzberg,4.09,4.006,1.021,1.0,6.31,6.31,0,0.0,0,1,12.7
2024-01-22 18:50:00,4,18,0,0,Prenzlauer Berg,4.271,3.843,1.111,1.0,4.05,4.05,0,0.0,0,1,16.8
2024-01-22 19:36:00,4,19,0,0,Kreuzberg,3.229,4.098,0.788,1.036,7.97,8.26,0,0.0,0,1,26.3
2024-01-22 19:44:00,4,19,0,0,Mitte,3.552,4.099,0.867,1.051,6.29,6.61,0,0.0,0,1,26.2
2024-01-22 21:15:00,4,21,0,0,Prenzlauer Berg,0.667,5.659,0.118,1.026,9.88,10.13,0,0.0,0,1,14.7
2024-01-22 23:01:00,4,23,0,0,Kreuzberg,0.654,5.324,0.123,1.0,4.19,4.19,0,0.0,0,1,15.7
2024-01-23 01:57:00,4,1,1,0,Kreuzberg,1.208,5.916,0.204,1.0,8.68,8.68,0,0.0,0,1,23.2
2024-01-23 03:16:00,4,3,1,0,Prenzlauer Berg,0.296,5.248,0.056,1.0,11.53,11.53,0,0.0,0,0,8.2
2024-01-23 04:13:00,4,4,1,0,Mitte,0.01,5.557,0.002,1.024,5.4,5.52,0,0.0,0,0,13.1
2024-01-23 06:16:00,4,6,1,0,Wedding,0.373,5.468,0.068,1.027,7.77,7.98,1,2.8,0,1,25.4
2024-01-23 07:05:00,4,7,1,0,Neukölln,1.573,4.987,0.315,1.0,4.73,4.73,0,0.0,0,0,22.0
2024-01-23 08:44:00,4,8,1,0,Friedrichshain,3.012,4.673,0.645,1.003,9.01,9.03,0,0.0,0,1,17.2
2024-01-23 10:28:00,4,10,1,0,Mitte,1.74,4.554,0.382,1.018,8.4,8.56,0,0.0,0,0,8.1
2024-01-23 12:31:00,4,12,1,0,Friedrichshain,0.182,5.367,0.034,1.058,7.26,7.68,0,0.0,0,0,14.6
2024-01-23 15:50:00,4,15,1,0,Neukölln,1.016,4.71,0.216,1.028,8.17,8.4,0,0.0,0,0,11.8
2024-01-23 15:53:00,4,15,1,0,Friedrichshain,1.328,4.826,0.275,1.032,11.17,11.53,0,0.0,0,1,17.0
2024-01-23 17:15:00,4,17,1,0,Mitte,3.808,4.068,0.936,1.003,5.57,5.59,0,0.0,0,1,10.8
2024-01-23 22:01:00,4,22,1,0,Charlottenburg,0.13,5.588,0.023,1.056,4.18,4.42,0,0.0,0,1,9.9
2024-01-24 05:02:00,4,5,2,0,Neukölln,0.305,6.697,0.045,1.016,10.89,11.07,0,0.0,0,0,6.5
2024-01-24 05:04:00,4,5,2,0,Charlottenburg,0.087,5.52,0.016,1.0,8.62,8.62,0,0.0,0,1,24.3
2024-01-24 05:09:00,4,5,2,0,Charlottenburg,0.154,5.763,0.027,1.056,11.13,11.75,0,0.0,0,0,12.7
2024-01-24 05:48:00,4,5,2,0,Prenzlauer Berg,1.77,4.804,0.368,1.028,8.78,9.02,0,0.0,0,1,15.8
2024-01-24 06:57:00,4,6,2,0,Prenzlauer Berg,0.404,5.462,0.074,1.0,10.48,10.48,0,0.0,0,0,14.9
2024-01-24 08:21:00,4,8,2,0,Mitte,3.027,3.985,0.76,1.0,7.44,7.44,0,0.0,0,1,9.7
2024-01-24 14:29:00,4,14,2,0,Charlottenburg,0.499,5.001,0.1,1.012,10.0,10.12,0,0.0,0,1,9.0
2024-01-24 20:50:00,4,20,2,0,Mitte,2.129,4.524,0.471,1.019,11.3,11.51,0,0.0,0,1,10.0
2024-01-25 03:01:00,4,3,3,0,Prenzlauer Berg,0.381,5.25,0.073,1.008,8.58,8.64,0,0.0,0,1,11.1
2024-01-25 04:20:00,4,4,3,0,Kreuzberg,0.009,5.025,0.002,1.012,5.45,5.51,0,0.0,0,1,17.2
2024-01-25 05:33:00,4,5,3,0,Charlottenburg,0.201,5.02,0.04,1.068,6.15,6.57,0,0.0,0,0,10.8
2024-01-25 08:48:00,4,8,3,0,Mitte,3.042,4.13,0.737,1.043,5.59,5.83,0,0.0,0,1,29.9
2024-01-25 08:59:00,4,8,3,0,Friedrichshain,2.787,6.16,0.453,1.008,5.97,6.02,0,0.0,0,1,22.4
2024-01-25 10:06:00,4,10,3,0,Neukölln,1.546,4.7,0.329,1.038,6.45,6.69,0,0.0,0,0,20.6
2024-01-25 11:50:00,4,11,3,0,Mitte,0.356,5.27,0.068,1.0,8.44,8.44,0,0.0,0,1,14.2
2024-01-25 12:11:00,4,12,3,0,Mitte,0.077,5.104,0.015,1.016,8.7,8.84,0,0.0,0,0,27.3
2024-01-25 14:33:00,4,14,3,0,Mitte,0.317,5.455,0.058,1.072,7.41,7.95,0,0.0,0,0,13.6
2024-01-25 15:57:00,4,15,3,0,Neukölln,0.598,4.988,0.12,1.0,8.92,8.92,0,0.0,0,1,14.7
2024-01-25 22:03:00,4,22,3,0,Prenzlauer Berg,0.45,4.982,0.09,1.0,4.65,4.65,0,0.0,0,1,15.9
2024-01-25 23:08:00,4,23,3,0,Prenzlauer Berg,0.483,5.267,0.092,1.0,4.7,4.7,0,0.0,0,1,19.7
2024-01-26 01:45:00,4,1,4,0,Mitte,1.704,4.407,0.387,1.0,5.37,5.37,0,0.0,0,0,19.2
2024-01-26 01:52:00,4,1,4,0,Charlottenburg,1.148,4.603,0.249,1.0,8.14,8.14,0,0.0,0,1,12.3
2024-01-26 04:39:00,4,4,4,0,Neukölln,0.079,5.121,0.015,1.0,5.71,5.71,0,0.0,0,1,12.0
2024-01-26 04:45:00,4,4,4,0,Neukölln,0.049,5.005,0.01,1.0,6.27,6.27,1,2.82,0,1,19.2
2024-01-26 06:28:00,4,6,4,0,Charlottenburg,0.747,4.807,0.155,1.001,7.2,7.21,0,0.0,0,1,19.8
2024-01-26 06:49:00,4,6,4,0,Mitte,0.833,4.957,0.168,1.036,10.49,10.87,0,0.0,0,0,12.7
2024-01-26 06:52:00,4,6,4,0,Mitte,0.355,5.849,0.061,1.0,4.11,4.11,0,0.0,0,1,7.9
2024-01-26 08:48:00,4,8,4,0,Mitte,3.851,4.161,0.926,1.061,9.2,9.75,0,0.0,0,1,13.7
2024-01-26 09:11:00,4,9,4,0,Kreuzberg,2.772,4.461,0.621,1.02,9.35,9.54,0,0.0,0,0,19.1
2024-01-26 12:57:00,4,12,4,0,Mitte,0.356,5.084,0.07,1.041,10.39,10.82,0,0.0,0,0,30.6
2024-01-26 15:15:00,4,15,4,0,Kreuzberg,1.035,6.248,0.166,1.0,11.46,11.46,0,0.0,0,1,9.2
2024-01-26 15:48:00,4,15,4,0,Prenzlauer Berg,1.36,4.827,0.282,1.034,4.16,4.3,0,0.0,0,1,12.5
2024-01-26 17:08:00,4,17,4,0,Wedding,3.704,3.758,0.985,1.0,5.23,5.23,0,0.0,0,1,12.7
2024-01-26 18:55:00,4,18,4,0,Charlottenburg,4.647,3.949,1.177,1.036,11.09,11.48,0,0.0,0,1,25.6
2024-01-26 23:26:00,4,23,4,0,Neukölln,0.181,5.009,0.036,1.007,7.67,7.72,0,0.0,0,0,14.7
2024-01-26 23:34:00,4,23,4,0,Friedrichshain,0.69,5.013,0.138,1.022,8.52,8.71,0,0.0,0,1,10.4
2024-01-27 01:51:00,4,1,5,1,Mitte,1.41,4.931,0.286,1.0,9.3,9.3,0,0.0,0,0,18.6
2024-01-27 05:03:00,4,5,5,1,Friedrichshain,0.956,5.909,0.162,1.0,9.43,9.43,0,0.0,0,1,12.7
2024-01-27 07:01:00,4,7,5,1,Kreuzberg,2.103,4.672,0.45,1.024,11.45,11.73,0,0.0,0,1,9.1
2024-01-27 09:11:00,4,9,5,1,Charlottenburg,4.256,4.237,1.004,1.0,11.98,11.98,0,0.0,0,0,10.4
2024-01-27 09:20:00,4,9,5,1,Kreuzberg,3.817,6.626,0.576,1.019,9.76,9.94,0,0.0,0,0,29.8
2024-01-27 10:09:00,4,10,5,1,Wedding,2.198,4.315,0.509,1.0,6.3,6.3,0,0.0,0,1,17.4
2024-01-27 12:00:00,4,12,5,1,Kreuzberg,0.356,5.068,0.07,1.034,11.04,11.41,0,0.0,0,1,15.5
2024-01-27 12:02:00,4,12,5,1,Kreuzberg,0.583,5.097,0.114,1.0,4.39,4.39,0,0.0,0,1,13.5
2024-01-27 17:46:00,4,17,5,1,Wedding,4.198,3.859,1.088,1.022,5.85,5.98,0,0.0,0,1,16.7
2024-01-28 01:53:00,4,1,6,1,Mitte,1.402,4.827,0.29,1.025,11.18,11.46,0,0.0,0,1,16.6
2024-01-28 02:58:00,4,2,6,1,Friedrichshain,0.62,6.212,0.1,1.0,6.05,6.05,0,0.0,0,1,16.7
2024-01-28 09:09:00,4,9,6,1,Friedrichshain,3.645,4.475,0.815,1.023,5.77,5.9,0,0.0,0,0,15.6
2024-01-28 09:57:00,4,9,6,1,Neukölln,4.397,4.023,1.093,1.01,5.11,5.16,0,0.0,0,1,21.1
2024-01-28 20:34:00,4,20,6,1,Wedding,2.237,4.439,0.504,1.0,10.87,10.87,0,0.0,0,0,15.0
2024-01-28 23:43:00,4,23,6,1,Wedding,1.51,5.513,0.274,1.0,8.0,8.0,0,0.0,0,1,10.1
2024-01-29 01:17:00,5,1,0,0,Mitte,1.223,6.433,0.19,1.0,9.4,9.4,0,0.0,0,1,11.6
2024-01-29 01:19:00,5,1,0,0,Neukölln,1.139,5.634,0.202,1.014,5.91,6.0,0,0.0,0,0,6.7
2024-01-29 07:00:00,5,7,0,0,Charlottenburg,1.997,4.302,0.464,1.0,10.06,10.06,0,0.0,0,1,33.5
2024-01-29 12:33:00,5,12,0,0,Charlottenburg,0.474,5.441,0.087,1.004,10.08,10.12,0,0.0,0,0,21.0
2024-01-29 14:53:00,5,14,0,0,Mitte,0.39,4.895,0.08,1.0,6.5,6.5,0,0.0,0,1,10.7
2024-01-29 16:59:00,5,16,0,0,Charlottenburg,1.969,4.49,0.438,1.027,7.29,7.48,0,0.0,0,1,13.3
2024-01-29 17:43:00,5,17,0,0,Wedding,3.711,3.738,0.993,1.0,5.68,5.68,0,0.0,0,0,11.5
2024-01-29 19:18:00,5,19,0,0,Wedding,3.307,4.398,0.752,1.0,11.81,11.81,0,0.0,0,0,27.6
2024-01-29 20:53:00,5,20,0,0,Prenzlauer Berg,3.888,4.335,0.897,1.029,9.16,9.43,0,0.0,0,0,8.4
2024-01-29 23:41:00,5,23,0,0,Mitte,1.488,4.552,0.327,1.013,11.48,11.63,0,0.0,0,0,15.6
2024-01-30 00:17:00,5,0,1,0,Kreuzberg,1.479,4.773,0.31,1.013,6.43,6.51,0,0.0,0,1,14.2
2024-01-30 01:35:00,5,1,1,0,Neukölln,1.148,4.964,0.231,1.019,10.26,10.45,0,0.0,0,1,20.7
2024-01-30 02:07:00,5,2,1,0,Friedrichshain,0.846,4.98,0.17,1.0,10.13,10.13,0,0.0,0,1,14.3
2024-01-30 03:08:00,5,3,1,0,Prenzlauer Berg,0.083,5.048,0.016,1.03,9.53,9.82,0,0.0,0,0,7.4
2024-01-30 06:23:00,5,6,1,0,Mitte,0.355,5.202,0.068,1.024,11.73,12.01,0,0.0,0,0,13.5
2024-01-30 06:42:00,5,6,1,0,Prenzlauer Berg,0.462,5.673,0.081,1.0,7.15,7.15,0,0.0,0,1,10.1
2024-01-30 06:51:00,5,6,1,0,Prenzlauer Berg,0.591,4.837,0.122,1.0,5.05,5.05,0,0.0,0,1,15.4
2024-01-30 11:23:00,5,11,1,0,Wedding,1.153,4.646,0.248,1.0,9.37,9.37,0,0.0,0,0,26.4
2024-01-30 13:54:00,5,13,1,0,Charlottenburg,0.538,5.075,0.106,1.0,9.83,9.83,0,0.0,0,1,7.4
2024-01-30 14:06:00,5,14,1,0,Kreuzberg,0.657,6.475,0.102,1.013,8.6,8.72,0,0.0,0,0,10.8
2024-01-30 18:44:00,5,18,1,0,Prenzlauer Berg,4.222,4.185,1.009,1.057,5.65,5.98,0,0.0,0,1,11.9
2024-01-31 00:21:00,5,0,2,0,Mitte,1.229,5.251,0.234,1.043,8.04,8.38,0,0.0,0,0,12.8
2024-01-31 01:58:00,5,1,2,0,Wedding,1.244,4.834,0.257,1.0,6.5,6.5,0,0.0,0,1,20.0
2024-01-31 03:23:00,5,3,2,0,Kreuzberg,1.81,4.907,0.369,1.025,7.42,7.6,0,0.0,0,1,13.9
2024-01-31 04:01:00,5,4,2,0,Prenzlauer Berg,0.022,4.999,0.004,1.053,9.16,9.65,1,2.59,0,1,17.6
2024-01-31 07:03:00,5,7,2,0,Kreuzberg,2.181,4.843,0.45,1.015,9.96,10.12,0,0.0,0,1,11.6
2024-01-31 09:14:00,5,9,2,0,Friedrichshain,3.096,5.383,0.575,1.044,5.86,6.11,0,0.0,0,0,16.3
2024-01-31 10:04:00,5,10,2,0,Friedrichshain,1.604,5.007,0.32,1.08,7.24,7.83,1,2.54,0,1,20.3
2024-01-31 12:18:00,5,12,2,0,Friedrichshain,0.561,6.045,0.093,1.041,6.15,6.41,0,0.0,0,0,11.1
2024-01-31 16:08:00,5,16,2,0,Kreuzberg,1.911,5.103,0.374,1.01,5.59,5.64,0,0.0,0,1,20.3
2024-01-31 16:42:00,5,16,2,0,Kreuzberg,2.471,4.212,0.587,1.042,10.27,10.7,0,0.0,0,1,15.2
2024-01-31 18:19:00,5,18,2,0,Mitte,4.924,4.673,1.054,1.006,11.27,11.34,0,0.0,0,1,22.6
2024-01-31 18:53:00,5,18,2,0,Charlottenburg,4.219,3.565,1.184,1.001,6.96,6.97,0,0.0,0,1,13.7
2024-02-01 02:38:00,5,2,3,0,Mitte,0.519,5.276,0.098,1.0,10.01,10.01,0,0.0,0,1,17.3
2024-02-01 02:42:00,5,2,3,0,Charlottenburg,0.749,4.83,0.155,1.063,11.18,11.87,0,0.0,0,1,14.6
2024-02-01 04:06:00,5,4,3,0,Neukölln,0.979,4.664,0.21,1.0,10.77,10.77,0,0.0,0,0,14.3
2024-02-01 05:25:00,5,5,3,0,Neukölln,0.137,5.281,0.026,1.061,5.46,5.8,0,0.0,0,1,16.5
2024-02-01 08:13:00,5,8,3,0,Prenzlauer Berg,3.141,4.111,0.764,1.02,11.65,11.88,0,0.0,0,1,18.4
2024-02-01 09:33:00,5,9,3,0,Prenzlauer Berg,3.15,4.297,0.733,1.0,7.01,7.01,0,0.0,0,1,9.0
2024-02-01 10:17:00,5,10,3,0,Mitte,1.902,4.851,0.392,1.015,6.71,6.81,0,0.0,0,1,26.4
2024-02-01 13:16:00,5,13,3,0,Friedrichshain,0.075,5.001,0.015,1.0,4.5,4.5,0,0.0,0,0,7.1
2024-02-01 13:58:00,5,13,3,0,Neukölln,0.521,4.896,0.106,1.025,7.89,8.09,0,0.0,0,1,11.3
2024-02-01 19:14:00,5,19,3,0,Kreuzberg,4.162,4.034,1.032,1.035,4.87,5.04,0,0.0,0,1,14.3
2024-02-02 00:15:00,5,0,4,0,Prenzlauer Berg,1.138,4.854,0.235,1.0,5.99,5.99,0,0.0,0,1,17.5
2024-02-02 00:54:00,5,0,4,0,Neukölln,1.167,5.375,0.217,1.005,6.54,6.57,0,0.0,0,1,28.0
2024-02-02 01:10:00,5,1,4,0,Neukölln,2.481,4.766,0.521,1.078,10.47,11.29,0,0.0,0,1,7.1
2024-02-02 02:35:00,5,2,4,0,Kreuzberg,0.469,5.957,0.079,1.0,11.0,11.0,0,0.0,0,0,12.1
2024-02-02 05:37:00,5,5,4,0,Charlottenburg,0.813,5.423,0.15,1.0,6.42,6.42,1,1.53,0,1,6.4
2024-02-02 06:17:00,5,6,4,0,Mitte,0.614,5.122,0.12,1.059,10.87,11.51,0,0.0,0,1,15.1
2024-02-02 07:04:00,5,7,4,0,Mitte,1.487,5.15,0.289,1.079,10.86,11.71,0,0.0,0,0,16.6
2024-02-02 08:30:00,5,8,4,0,Wedding,3.569,3.944,0.905,1.0,10.12,10.12,0,0.0,0,1,28.1
2024-02-02 10:00:00,5,10,4,0,Neukölln,1.609,4.656,0.346,1.04,5.17,5.38,0,0.0,0,0,15.6
2024-02-02 11:42:00,5,11,4,0,Friedrichshain,0.632,5.712,0.111,1.054,9.52,10.03,0,0.0,0,1,22.6
2024-02-02 14:46:00,5,14,4,0,Mitte,0.292,5.252,0.056,1.0,11.56,11.56,0,0.0,0,0,18.8
2024-02-02 16:15:00,5,16,4,0,Neukölln,2.004,5.259,0.381,1.0,9.46,9.46,0,0.0,0,1,12.5
2024-02-02 17:26:00,5,17,4,0,Prenzlauer Berg,3.274,4.891,0.669,1.049,6.65,6.98,0,0.0,0,1,8.5
2024-02-02 18:49:00,5,18,4,0,Kreuzberg,4.198,4.7,0.893,1.067,8.0,8.54,0,0.0,0,1,16.6
2024-02-02 23:20:00,5,23,4,0,Charlottenburg,1.41,5.997,0.235,1.023,9.17,9.37,0,0.0,0,1,8.2
2024-02-03 02:15:00,5,2,5,1,Mitte,0.626,5.119,0.122,1.0,8.08,8.08,0,0.0,0,1,25.0
2024-02-03 02:24:00,5,2,5,1,Friedrichshain,0.934,4.903,0.191,1.079,4.96,5.35,0,0.0,0,1,13.9
2024-02-03 04:51:00,5,4,5,1,Charlottenburg,0.164,5.466,0.03,1.0,6.5,6.5,0,0.0,0,1,24.0
2024-02-03 07:32:00,5,7,5,1,Mitte,2.38,4.446,0.535,1.0,10.42,10.42,0,0.0,0,1,12.3
2024-02-03 08:13:00,5,8,5,1,Mitte,3.632,4.28,0.849,1.014,10.89,11.04,1,2.32,0,1,16.6
2024-02-03 08:35:00,5,8,5,1,Mitte,4.976,3.992,1.246,1.062,5.1,5.42,0,0.0,0,0,16.2
2024-02-03 11:33:00,5,11,5,1,Mitte,0.687,5.459,0.126,1.034,11.62,12.02,0,0.0,0,0,14.6
2024-02-03 14:20:00,5,14,5,1,Charlottenburg,0.256,5.192,0.049,1.017,6.63,6.74,0,0.0,0,1,12.5
2024-02-03 16:25:00,5,16,5,1,Neukölln,2.168,4.351,0.498,1.019,9.3,9.47,0,0.0,0,1,17.4
2024-02-03 17:00:00,5,17,5,1,Mitte,4.238,3.854,1.1,1.002,10.01,10.03,0,0.0,0,1,10.3
2024-02-03 17:09:00,5,17,5,1,Mitte,4.457,3.532,1.262,1.022,10.5,10.73,0,0.0,0,1,9.2
2024-02-03 17:43:00,5,17,5,1,Charlottenburg,4.328,4.81,0.9,1.0,11.57,11.57,0,0.0,0,0,24.5
2024-02-03 19:15:00,5,19,5,1,Neukölln,4.87,3.55,1.372,1.0,6.5,6.5,0,0.0,0,1,19.9
2024-02-03 20:43:00,5,20,5,1,Kreuzberg,2.363,4.274,0.553,1.01,10.87,10.97,0,0.0,0,1,15.3
2024-02-03 21:09:00,5,21,5,1,Kreuzberg,0.818,4.729,0.173,1.0,5.05,5.05,0,0.0,0,1,29.0
2024-02-03 22:11:00,5,22,5,1,Charlottenburg,0.533,5.436,0.098,1.015,9.64,9.79,0,0.0,0,1,13.4
2024-02-03 22:56:00,5,22,5,1,Kreuzberg,0.639,5.384,0.119,1.0,9.94,9.94,0,0.0,0,0,25.3
2024-02-04 04:08:00,5,4,6,1,Mitte,0.08,5.222,0.015,1.07,9.42,10.08,0,0.0,0,0,16.0
2024-02-04 06:43:00,5,6,6,1,Friedrichshain,0.519,4.863,0.107,1.063,6.02,6.4,0,0.0,0,1,9.9
2024-02-04 11:34:00,5,11,6,1,Charlottenburg,0.46,5.155,0.089,1.0,10.98,10.98,0,0.0,0,1,31.2
2024-02-04 13:12:00,5,13,6,1,Charlottenburg,0.557,5.029,0.111,1.0,5.35,5.35,0,0.0,0,1,22.1
2024-02-04 15:48:00,5,15,6,1,Friedrichshain,1.14,5.279,0.216,1.0,4.43,4.43,0,0.0,0,1,14.2
2024-02-04 17:58:00,5,17,6,1,Friedrichshain,4.421,4.011,1.102,1.0,9.74,9.74,0,0.0,0,1,19.9
2024-02-04 19:20:00,5,19,6,1,Kreuzberg,4.907,3.554,1.381,1.008,7.8,7.86,0,0.0,0,1,12.7
2024-02-04 22:26:00,5,22,6,1,Kreuzberg,0.804,4.866,0.165,1.0,10.79,10.79,0,0.0,0,1,20.7
2024-02-04 23:32:00,5,23,6,1,Mitte,0.372,7.525,0.049,1.0,7.07,7.07,0,0.0,0,1,5.7
2024-02-05 00:40:00,6,0,0,0,Mitte,1.87,4.709,0.397,1.025,5.35,5.48,0,0.0,0,1,9.9
2024-02-05 00:52:00,6,0,0,0,Friedrichshain,1.151,5.296,0.217,1.025,10.69,10.96,0,0.0,0,0,22.0
2024-02-05 07:14:00,6,7,0,0,Neukölln,1.421,4.594,0.309,1.0,8.39,8.39,0,0.0,0,1,13.5
2024-02-05 07:40:00,6,7,0,0,Wedding,1.499,4.874,0.308,1.036,5.51,5.71,0,0.0,0,0,16.2
2024-02-05 09:05:00,6,9,0,0,Charlottenburg,2.774,4.046,0.686,1.0,9.76,9.76,0,0.0,0,1,8.7
2024-02-05 16:31:00,6,16,0,0,Mitte,1.947,4.741,0.411,1.01,8.09,8.17,0,0.0,0,1,31.2
2024-02-05 17:54:00,6,17,0,0,Mitte,4.306,5.488,0.785,1.033,8.83,9.12,0,0.0,0,0,24.0
2024-02-05 18:08:00,6,18,0,0,Neukölln,4.016,3.885,1.034,1.0,7.69,7.69,0,0.0,0,0,13.7
2024-02-05 19:22:00,6,19,0,0,Charlottenburg,3.255,3.885,0.838,1.018,10.63,10.82,0,0.0,0,1,12.7
2024-02-05 20:02:00,6,20,0,0,Charlottenburg,1.885,4.359,0.432,1.0,10.64,10.64,0,0.0,0,1,22.5
2024-02-05 20:46:00,6,20,0,0,Neukölln,2.731,4.339,0.629,1.0,9.68,9.68,0,0.0,0,0,32.9
2024-02-05 21:50:00,6,21,0,0,Friedrichshain,0.693,4.862,0.143,1.0,4.84,4.84,0,0.0,0,1,21.8
2024-02-06 01:38:00,6,1,1,0,Neukölln,1.342,4.544,0.295,1.0,10.71,10.71,0,0.0,0,1,35.5
2024-02-06 01:50:00,6,1,1,0,Mitte,1.076,5.47,0.197,1.0,9.37,9.37,0,0.0,0,0,10.3
2024-02-06 07:31:00,6,7,1,0,Friedrichshain,1.438,4.865,0.296,1.0,9.58,9.58,0,0.0,0,1,10.7
2024-02-06 18:51:00,6,18,1,0,Neukölln,5.726,3.201,1.789,1.096,6.9,7.57,0,0.0,0,1,9.2
2024-02-06 19:20:00,6,19,1,0,Kreuzberg,4.545,4.791,0.949,1.0,11.03,11.03,0,0.0,0,1,17.8
2024-02-06 20:19:00,6,20,1,0,Charlottenburg,1.646,4.498,0.366,1.0,9.8,9.8,0,0.0,0,1,16.0
2024-02-06 22:25:00,6,22,1,0,Kreuzberg,1.327,6.408,0.207,1.0,4.9,4.9,0,0.0,0,1,14.0
2024-02-06 22:27:00,6,22,1,0,Wedding,0.522,5.043,0.103,1.0,7.26,7.26,0,0.0,0,1,20.6
2024-02-07 01:34:00,6,1,2,0,Mitte,1.869,5.662,0.33,1.019,11.09,11.3,0,0.0,0,1,24.4
2024-02-07 03:15:00,6,3,2,0,Charlottenburg,0.295,5.451,0.054,1.035,4.38,4.53,0,0.0,0,1,8.1
2024-02-07 07:35:00,6,7,2,0,Mitte,1.663,5.469,0.304,1.0,11.69,11.69,1,2.92,0,1,11.7
2024-02-07 08:00:00,6,8,2,0,Friedrichshain,3.019,6.425,0.47,1.0,9.43,9.43,0,0.0,0,1,20.7
2024-02-07 13:36:00,6,13,2,0,Mitte,0.458,5.044,0.091,1.0,9.05,9.05,0,0.0,0,0,12.3
2024-02-07 15:24:00,6,15,2,0,Kreuzberg,0.602,6.738,0.089,1.0,6.16,6.16,0,0.0,0,1,10.8
2024-02-07 16:32:00,6,16,2,0,Prenzlauer Berg,1.657,4.716,0.351,1.0,5.99,5.99,0,0.0,0,0,22.4
2024-02-07 16:52:00,6,16,2,0,Wedding,1.792,4.665,0.384,1.0,11.54,11.54,0,0.0,0,1,8.9
2024-02-07 18:20:00,6,18,2,0,Kreuzberg,4.488,3.679,1.22,1.0,6.39,6.39,0,0.0,0,0,13.2
2024-02-07 22:16:00,6,22,2,0,Mitte,0.204,5.396,0.038,1.0,10.2,10.2,0,0.0,0,1,17.0
2024-02-08 04:07:00,6,4,3,0,Friedrichshain,0.453,4.942,0.092,1.007,7.14,7.2,0,0.0,0,1,11.8
2024-02-08 04:19:00,6,4,3,0,Prenzlauer Berg,1.407,4.992,0.282,1.024,5.11,5.24,0,0.0,0,0,20.4
2024-02-08 06:27:00,6,6,3,0,Wedding,0.382,5.334,0.072,1.0,4.09,4.09,0,0.0,0,0,11.9
2024-02-08 06:56:00,6,6,3,0,Mitte,0.789,5.585,0.141,1.0,8.35,8.35,0,0.0,0,1,26.1
2024-02-08 10:33:00,6,10,3,0,Charlottenburg,1.608,5.513,0.292,1.0,11.81,11.81,0,0.0,0,0,14.1
2024-02-08 11:29:00,6,11,3,0,Kreuzberg,1.153,4.945,0.233,1.0,6.95,6.95,0,0.0,0,1,19.5
2024-02-08 12:52:00,6,12,3,0,Mitte,0.122,5.173,0.024,1.0,6.86,6.86,0,0.0,0,0,20.1
2024-02-08 14:37:00,6,14,3,0,Friedrichshain,0.586,4.975,0.118,1.023,6.75,6.91,0,0.0,0,1,11.6
2024-02-08 20:23:00,6,20,3,0,Charlottenburg,2.373,4.299,0.552,1.0,8.16,8.16,0,0.0,0,1,6.5
2024-02-08 21:00:00,6,21,3,0,Friedrichshain,1.699,4.441,0.383,1.0,7.53,7.53,0,0.0,0,1,17.2
2024-02-09 01:07:00,6,1,4,0,Kreuzberg,1.519,4.72,0.322,1.012,11.04,11.17,0,0.0,0,1,15.3
2024-02-09 03:13:00,6,3,4,0,Prenzlauer Berg,0.328,5.074,0.065,1.007,8.04,8.1,0,0.0,0,0,18.6
2024-02-09 06:01:00,6,6,4,0,Prenzlauer Berg,0.727,6.782,0.107,1.108,8.06,8.93,0,0.0,0,1,13.6
2024-02-09 08:56:00,6,8,4,0,Wedding,3.563,4.242,0.84,1.014,5.11,5.18,0,0.0,0,1,12.5
2024-02-09 12:10:00,6,12,4,0,Kreuzberg,0.382,5.122,0.075,1.0,11.86,11.86,0,0.0,0,1,33.2
2024-02-09 12:31:00,6,12,4,0,Kreuzberg,0.056,5.501,0.01,1.0,6.0,6.0,1,3.36,0,1,8.3
2024-02-09 14:43:00,6,14,4,0,Kreuzberg,1.184,4.676,0.253,1.0,4.59,4.59,0,0.0,0,1,20.0
2024-02-09 16:02:00,6,16,4,0,Charlottenburg,2.112,4.613,0.458,1.0,9.31,9.31,0,0.0,0,1,11.8
2024-02-09 17:42:00,6,17,4,0,Kreuzberg,3.654,4.311,0.848,1.0,8.76,8.76,0,0.0,0,0,13.0
2024-02-10 03:22:00,6,3,5,1,Wedding,0.166,5.345,0.031,1.037,7.32,7.59,0,0.0,0,1,13.1
2024-02-10 06:24:00,6,6,5,1,Kreuzberg,0.875,5.002,0.175,1.0,7.38,7.38,0,0.0,0,1,10.8
2024-02-10 08:38:00,6,8,5,1,Neukölln,3.776,6.733,0.561,1.0,10.28,10.28,0,0.0,0,0,18.7
2024-02-10 13:10:00,6,13,5,1,Mitte,0.445,6.118,0.073,1.0,5.57,5.57,0,0.0,0,1,26.0
2024-02-10 13:48:00,6,13,5,1,Charlottenburg,0.069,5.562,0.012,1.07,10.56,11.3,0,0.0,0,0,18.0
2024-02-10 16:47:00,6,16,5,1,Wedding,2.567,4.607,0.557,1.0,9.19,9.19,0,0.0,0,0,15.5
2024-02-10 17:16:00,6,17,5,1,Mitte,7.141,3.082,2.317,1.4,7.35,10.29,0,0.0,0,1,10.0
2024-02-10 19:06:00,6,19,5,1,Wedding,4.184,3.671,1.14,1.033,7.66,7.91,0,0.0,0,1,18.3
2024-02-10 21:48:00,6,21,5,1,Prenzlauer Berg,2.216,4.526,0.49,1.019,6.05,6.17,0,0.0,0,1,35.3
2024-02-11 00:13:00,6,0,6,1,Wedding,1.586,4.469,0.355,1.015,10.02,10.16,0,0.0,0,1,12.8
2024-02-11 01:06:00,6,1,6,1,Friedrichshain,2.195,4.619,0.475,1.016,8.1,8.23,0,0.0,0,0,12.8
2024-02-11 05:49:00,6,5,6,1,Kreuzberg,0.666,5.237,0.127,1.0,6.57,6.57,1,3.19,0,1,11.9
2024-02-11 07:43:00,6,7,6,1,Mitte,2.12,4.413,0.48,1.0,8.77,8.77,0,0.0,0,1,12.2
2024-02-11 11:16:00,6,11,6,1,Kreuzberg,0.982,6.651,0.148,1.034,11.97,12.37,0,0.0,0,1,5.0
2024-02-11 13:55:00,6,13,6,1,Mitte,0.867,6.138,0.141,1.0,7.48,7.48,0,0.0,0,1,17.5
2024-02-11 15:04:00,6,15,6,1,Mitte,0.911,5.45,0.167,1.0,11.37,11.37,1,2.49,0,1,10.6
2024-02-11 15:23:00,6,15,6,1,Mitte,0.862,5.156,0.167,1.0,6.76,6.76,0,0.0,0,0,7.8
2024-02-11 17:35:00,6,17,6,1,Prenzlauer Berg,4.604,4.612,0.998,1.068,4.44,4.74,0,0.0,0,1,20.1
2024-02-11 21:41:00,6,21,6,1,Neukölln,1.364,4.607,0.296,1.05,5.63,5.91,0,0.0,0,1,9.7
2024-02-12 04:18:00,7,4,0,0,Mitte,0.58,5.735,0.101,1.0,7.35,7.35,0,0.0,1,1,13.0
2024-02-12 04:22:00,7,4,0,0,Mitte,0.645,4.854,0.133,1.038,5.76,5.98,0,0.0,1,0,26.8
2024-02-12 10:36:00,7,10,0,0,Charlottenburg,1.602,5.388,0.297,1.0,4.0,4.0,0,0.0,1,1,8.5
2024-02-12 11:39:00,7,11,0,0,Mitte,1.024,4.835,0.212,1.0,11.32,11.32,0,0.0,1,0,8.1
2024-02-12 11:59:00,7,11,0,0,Mitte,0.394,6.12,0.064,1.0,10.75,10.75,0,0.0,1,1,16.6
2024-02-12 14:41:00,7,14,0,0,Mitte,0.429,6.58,0.065,1.063,9.94,10.56,1,2.21,1,0,23.6
2024-02-12 15:45:00,7,15,0,0,Wedding,0.544,4.906,0.111,1.0,5.34,5.34,1,2.07,1,1,7.9
2024-02-12 16:12:00,7,16,0,0,Neukölln,1.801,4.742,0.38,1.0,4.96,4.96,0,0.0,1,1,17.5
2024-02-12 20:16:00,7,20,0,0,Kreuzberg,1.827,6.738,0.271,1.0,4.54,4.54,0,0.0,1,1,18.8
2024-02-13 07:15:00,7,7,1,0,Charlottenburg,1.575,4.845,0.325,1.076,9.79,10.54,1,2.0,1,1,6.5
2024-02-13 14:34:00,7,14,1,0,Charlottenburg,0.59,5.989,0.099,1.065,11.43,12.17,0,0.0,1,1,20.5
2024-02-13 20:51:00,7,20,1,0,Friedrichshain,1.841,4.889,0.377,1.089,7.44,8.1,0,0.0,1,1,21.1
2024-02-14 01:13:00,7,1,2,0,Friedrichshain,1.297,4.828,0.269,1.0,4.95,4.95,0,0.0,1,1,13.1
2024-02-14 05:53:00,7,5,2,0,Charlottenburg,0.151,5.149,0.029,1.012,8.1,8.19,1,2.28,1,1,24.6
2024-02-14 06:58:00,7,6,2,0,Kreuzberg,0.529,4.951,0.107,1.0,6.79,6.79,0,0.0,1,0,23.4
2024-02-14 07:50:00,7,7,2,0,Mitte,1.477,5.344,0.276,1.059,7.0,7.41,0,0.0,1,1,15.5
2024-02-14 08:03:00,7,8,2,0,Prenzlauer Berg,2.781,4.32,0.644,1.0,8.97,8.97,1,2.68,1,0,12.4
2024-02-14 08:04:00,7,8,2,0,Neukölln,3.121,4.337,0.719,1.009,9.75,9.83,0,0.0,1,0,10.1
2024-02-14 10:35:00,7,10,2,0,Charlottenburg,1.815,4.772,0.38,1.0,4.88,4.88,0,0.0,1,1,14.7
2024-02-14 11:56:00,7,11,2,0,Neukölln,0.729,5.261,0.139,1.0,4.28,4.28,0,0.0,1,1,18.7
2024-02-14 13:34:00,7,13,2,0,Wedding,0.267,6.111,0.044,1.0,11.95,11.95,1,1.61,1,1,13.1
2024-02-14 14:15:00,7,14,2,0,Mitte,0.305,7.263,0.042,1.0,5.86,5.86,0,0.0,1,0,6.2
2024-02-14 16:09:00,7,16,2,0,Friedrichshain,2.441,4.46,0.547,1.0,4.43,4.43,1,2.51,1,1,24.7
2024-02-14 18:03:00,7,18,2,0,Friedrichshain,4.293,4.552,0.943,1.0,5.52,5.52,0,0.0,1,0,16.1
2024-02-14 20:28:00,7,20,2,0,Wedding,1.905,5.201,0.366,1.033,4.31,4.46,0,0.0,1,0,12.8
2024-02-14 20:38:00,7,20,2,0,Wedding,1.655,4.932,0.336,1.0,7.13,7.13,1,1.75,1,1,21.0
2024-02-15 03:16:00,7,3,3,0,Friedrichshain,0.22,6.798,0.032,1.009,10.42,10.51,0,0.0,1,0,27.4
2024-02-15 04:44:00,7,4,3,0,Kreuzberg,0.197,5.065,0.039,1.049,6.73,7.06,0,0.0,1,1,4.9
2024-02-15 05:41:00,7,5,3,0,Neukölln,0.246,4.983,0.049,1.0,7.55,7.55,0,0.0,1,0,17.7
2024-02-15 05:47:00,7,5,3,0,Mitte,0.39,6.018,0.065,1.0,9.4,9.4,0,0.0,1,0,8.4
2024-02-15 05:52:00,7,5,3,0,Neukölln,0.348,5.225,0.067,1.0,8.07,8.07,0,0.0,1,1,18.2
2024-02-15 06:46:00,7,6,3,0,Wedding,0.717,5.875,0.122,1.047,10.89,11.41,0,0.0,1,0,15.7
2024-02-15 07:22:00,7,7,3,0,Prenzlauer Berg,1.953,5.658,0.345,1.008,10.93,11.01,0,0.0,1,1,19.2
2024-02-15 11:20:00,7,11,3,0,Charlottenburg,1.013,4.684,0.216,1.0,4.08,4.08,1,1.96,1,1,12.2
2024-02-15 12:43:00,7,12,3,0,Prenzlauer Berg,0.551,6.097,0.09,1.019,10.22,10.42,0,0.0,1,1,7.0
2024-02-15 16:26:00,7,16,3,0,Prenzlauer Berg,2.89,4.346,0.665,1.0,7.69,7.69,1,1.92,1,1,12.4
2024-02-15 18:30:00,7,18,3,0,Kreuzberg,4.007,4.026,0.995,1.027,11.91,12.24,0,0.0,1,1,17.5
2024-02-15 23:12:00,7,23,3,0,Friedrichshain,0.103,5.555,0.018,1.016,7.87,7.99,0,0.0,1,0,22.3
2024-02-16 00:29:00,7,0,4,0,Wedding,1.062,6.194,0.171,1.0,11.9,11.9,0,0.0,1,1,9.3
2024-02-16 01:13:00,7,1,4,0,Wedding,1.476,4.495,0.328,1.0,10.04,10.04,0,0.0,1,1,22.4
2024-02-16 02:07:00,7,2,4,0,Mitte,1.303,4.933,0.264,1.0,5.99,5.99,0,0.0,1,1,11.5
2024-02-16 06:13:00,7,6,4,0,Neukölln,0.454,5.539,0.082,1.021,8.31,8.48,1,1.83,1,1,17.2
2024-02-16 06:44:00,7,6,4,0,Friedrichshain,1.39,5.283,0.263,1.049,11.94,12.52,1,3.11,1,0,12.1
2024-02-16 11:12:00,7,11,4,0,Kreuzberg,0.367,5.579,0.066,1.0,10.86,10.86,1,3.08,1,0,16.0
2024-02-16 15:35:00,7,15,4,0,Mitte,1.631,4.516,0.361,1.018,4.78,4.87,0,0.0,1,0,21.3
2024-02-16 16:35:00,7,16,4,0,Kreuzberg,1.818,4.577,0.397,1.0,9.65,9.65,1,2.3,1,1,9.1
2024-02-16 16:41:00,7,16,4,0,Wedding,1.687,4.676,0.361,1.0,6.76,6.76,0,0.0,1,1,11.3
2024-02-16 16:51:00,7,16,4,0,Charlottenburg,1.911,5.31,0.36,1.0,4.06,4.06,0,0.0,1,0,16.0
2024-02-16 19:20:00,7,19,4,0,Friedrichshain,3.322,4.033,0.824,1.0,7.23,7.23,1,2.03,1,1,38.9
2024-02-16 19:33:00,7,19,4,0,Kreuzberg,3.337,3.974,0.84,1.0,5.88,5.88,0,0.0,1,1,10.5
2024-02-16 19:51:00,7,19,4,0,Friedrichshain,3.35,5.722,0.585,1.0,10.55,10.55,0,0.0,1,0,33.7
2024-02-17 00:02:00,7,0,5,1,Mitte,2.027,4.296,0.472,1.012,6.7,6.78,0,0.0,1,0,33.2
2024-02-17 01:06:00,7,1,5,1,Kreuzberg,1.687,8.087,0.209,1.0,10.62,10.62,0,0.0,1,0,14.3
2024-02-17 01:49:00,7,1,5,1,Charlottenburg,1.526,5.144,0.297,1.0,4.0,4.0,1,3.45,1,1,13.2
2024-02-17 01:53:00,7,1,5,1,Mitte,1.754,5.444,0.322,1.0,6.46,6.46,0,0.0,1,1,11.3
2024-02-17 04:40:00,7,4,5,1,Neukölln,0.511,5.031,0.101,1.0,5.93,5.93,1,3.05,1,1,14.5
2024-02-17 04:56:00,7,4,5,1,Kreuzberg,0.134,4.962,0.027,1.018,5.87,5.98,0,0.0,1,1,8.5
2024-02-17 05:28:00,7,5,5,1,Charlottenburg,0.269,5.709,0.047,1.0,4.55,4.55,0,0.0,1,1,14.4
2024-02-17 07:29:00,7,7,5,1,Prenzlauer Berg,1.838,5.435,0.338,1.0,5.5,5.5,0,0.0,1,1,27.1
2024-02-17 11:50:00,7,11,5,1,Charlottenburg,0.525,5.625,0.093,1.0,8.44,8.44,0,0.0,1,1,11.7
2024-02-17 16:02:00,7,16,5,1,Mitte,2.595,4.184,0.62,1.056,6.33,6.68,0,0.0,1,1,13.5
2024-02-17 19:43:00,7,19,5,1,Mitte,4.244,4.355,0.975,1.0,7.34,7.34,1,2.63,1,1,7.5
2024-02-17 21:21:00,7,21,5,1,Wedding,1.002,5.528,0.181,1.015,7.01,7.12,1,2.44,1,1,17.3
2024-02-17 22:23:00,7,22,5,1,Kreuzberg,0.642,5.42,0.119,1.006,11.01,11.07,1,2.49,1,0,16.5
2024-02-17 22:27:00,7,22,5,1,Neukölln,0.194,5.804,0.033,1.0,11.24,11.24,1,2.96,1,1,15.3
2024-02-18 00:16:00,7,0,6,1,Wedding,1.712,5.523,0.31,1.031,7.94,8.19,1,1.68,1,1,13.6
2024-02-18 05:16:00,7,5,6,1,Kreuzberg,0.174,5.51,0.032,1.009,6.64,6.7,0,0.0,1,0,13.2
2024-02-18 05:58:00,7,5,6,1,Kreuzberg,1.373,4.575,0.3,1.02,4.85,4.95,1,3.29,1,1,18.2
2024-02-18 08:09:00,7,8,6,1,Friedrichshain,3.84,4.057,0.946,1.157,11.63,13.45,0,0.0,1,0,14.7
2024-02-18 08:46:00,7,8,6,1,Wedding,4.232,3.567,1.186,1.0,4.48,4.48,0,0.0,1,1,16.9
2024-02-18 12:58:00,7,12,6,1,Wedding,0.377,5.182,0.073,1.069,6.38,6.82,0,0.0,1,1,16.2
2024-02-18 15:46:00,7,15,6,1,Prenzlauer Berg,0.721,5.061,0.143,1.0,6.38,6.38,0,0.0,1,0,23.3
2024-02-18 17:55:00,7,17,6,1,Neukölln,4.565,3.443,1.326,1.011,6.56,6.64,0,0.0,1,0,19.5
2024-02-18 20:06:00,7,20,6,1,Mitte,3.347,4.086,0.819,1.0,5.31,5.31,1,1.77,1,1,16.1
2024-02-18 20:13:00,7,20,6,1,Wedding,2.506,4.194,0.598,1.0,10.27,10.27,0,0.0,1,1,27.3
2024-02-18 20:17:00,7,20,6,1,Wedding,2.822,5.003,0.564,1.0,4.98,4.98,0,0.0,1,1,17.6
2024-02-18 22:04:00,7,22,6,1,Mitte,1.011,6.416,0.158,1.013,9.08,9.2,0,0.0,1,1,25.1
2024-02-19 02:31:00,8,2,0,0,Kreuzberg,0.493,4.872,0.101,1.0,4.99,4.99,0,0.0,1,1,19.0
2024-02-19 04:53:00,8,4,0,0,Mitte,0.101,6.827,0.015,1.03,4.56,4.7,0,0.0,1,1,7.1
2024-02-19 09:15:00,8,9,0,0,Kreuzberg,3.128,4.349,0.719,1.0,11.28,11.28,0,0.0,1,1,25.1
2024-02-19 10:19:00,8,10,0,0,Neukölln,1.585,4.659,0.34,1.0,5.52,5.52,0,0.0,1,0,15.7
2024-02-19 10:58:00,8,10,0,0,Kreuzberg,2.106,4.311,0.489,1.0,10.57,10.57,0,0.0,1,1,14.6
2024-02-19 16:07:00,8,16,0,0,Mitte,2.566,4.519,0.568,1.05,8.36,8.78,1,3.18,1,1,16.7
2024-02-19 16:25:00,8,16,0,0,Kreuzberg,1.819,5.313,0.342,1.0,4.62,4.62,1,2.33,1,1,13.0
2024-02-19 20:19:00,8,20,0,0,Wedding,1.753,5.123,0.342,1.014,11.64,11.81,0,0.0,1,1,16.3
2024-02-19 21:01:00,8,21,0,0,Charlottenburg,1.148,4.629,0.248,1.0,5.98,5.98,0,0.0,1,1,11.7
2024-02-19 21:24:00,8,21,0,0,Prenzlauer Berg,0.67,4.811,0.139,1.03,10.88,11.21,0,0.0,1,1,24.8
2024-02-19 23:14:00,8,23,0,0,Mitte,0.707,5.062,0.14,1.027,5.35,5.5,1,1.91,1,1,14.2
2024-02-19 23:43:00,8,23,0,0,Wedding,0.236,5.127,0.046,1.074,10.83,11.63,0,0.0,1,0,12.8
2024-02-20 02:36:00,8,2,1,0,Neukölln,0.83,4.868,0.171,1.0,4.11,4.11,0,0.0,1,0,10.3
2024-02-20 02:41:00,8,2,1,0,Kreuzberg,0.43,5.048,0.085,1.027,8.09,8.31,1,2.19,1,1,16.6
2024-02-20 06:09:00,8,6,1,0,Mitte,0.734,5.719,0.128,1.004,10.16,10.2,0,0.0,1,1,16.0
2024-02-20 08:49:00,8,8,1,0,Mitte,2.991,5.542,0.54,1.052,11.48,12.07,0,0.0,1,0,17.4
2024-02-20 11:37:00,8,11,1,0,Mitte,0.696,5.068,0.137,1.0,11.27,11.27,0,0.0,1,0,9.9
2024-02-20 12:21:00,8,12,1,0,Charlottenburg,0.118,6.378,0.018,1.03,10.56,10.87,1,2.21,1,1,7.8
2024-02-20 20:03:00,8,20,1,0,Wedding,2.178,4.47,0.487,1.0,11.11,11.11,1,2.65,1,0,19.1
2024-02-20 20:41:00,8,20,1,0,Prenzlauer Berg,2.439,4.535,0.538,1.0,5.59,5.59,1,2.18,1,1,26.9
2024-02-20 23:26:00,8,23,1,0,Neukölln,0.113,5.114,0.022,1.004,6.27,6.3,0,0.0,1,1,9.9
2024-02-21 03:32:00,8,3,2,0,Prenzlauer Berg,0.093,5.581,0.017,1.01,6.31,6.38,0,0.0,1,1,28.1
2024-02-21 06:57:00,8,6,2,0,Friedrichshain,0.352,7.194,0.049,1.0,7.02,7.02,1,1.75,1,0,16.7
2024-02-21 07:19:00,8,7,2,0,Friedrichshain,1.784,4.931,0.362,1.009,7.15,7.21,1,1.64,1,1,14.8
2024-02-21 08:52:00,8,8,2,0,Mitte,3.124,4.172,0.749,1.063,8.36,8.88,0,0.0,1,1,12.7
2024-02-21 10:41:00,8,10,2,0,Kreuzberg,1.69,5.035,0.336,1.039,5.28,5.49,1,2.1,1,1,8.6
2024-02-21 14:37:00,8,14,2,0,Charlottenburg,0.22,5.002,0.044,1.035,9.53,9.86,0,0.0,1,1,22.1
2024-02-21 16:51:00,8,16,2,0,Mitte,1.843,5.672,0.325,1.0,5.34,5.34,0,0.0,1,1,10.9
2024-02-21 19:01:00,8,19,2,0,Kreuzberg,3.564,4.172,0.854,1.0,6.48,6.48,0,0.0,1,1,10.9
2024-02-21 20:46:00,8,20,2,0,Charlottenburg,1.919,4.686,0.41,1.038,8.03,8.33,0,0.0,1,0,22.1
2024-02-21 21:16:00,8,21,2,0,Wedding,2.303,4.723,0.488,1.035,10.37,10.73,1,2.19,1,1,7.0
2024-02-21 22:06:00,8,22,2,0,Prenzlauer Berg,0.173,5.528,0.031,1.059,9.92,10.5,0,0.0,1,0,8.1
2024-02-22 01:05:00,8,1,3,0,Neukölln,1.534,4.508,0.34,1.0,9.16,9.16,0,0.0,1,1,14.8
2024-02-22 06:04:00,8,6,3,0,Prenzlauer Berg,0.55,5.496,0.1,1.0,5.25,5.25,1,2.52,1,1,16.7
2024-02-22 07:28:00,8,7,3,0,Neukölln,1.597,4.607,0.347,1.0,8.38,8.38,1,3.39,1,1,18.1
2024-02-22 11:22:00,8,11,3,0,Charlottenburg,0.848,5.454,0.156,1.0,4.7,4.7,0,0.0,1,1,13.2
2024-02-22 12:04:00,8,12,3,0,Neukölln,0.516,5.857,0.088,1.04,7.02,7.3,0,0.0,1,0,40.9
2024-02-22 12:07:00,8,12,3,0,Prenzlauer Berg,1.94,5.299,0.366,1.0,7.31,7.31,0,0.0,1,1,13.6
2024-02-22 12:41:00,8,12,3,0,Charlottenburg,0.099,5.448,0.018,1.026,4.32,4.43,0,0.0,1,1,13.6
2024-02-22 14:07:00,8,14,3,0,Charlottenburg,0.158,5.385,0.029,1.0,6.19,6.19,1,1.6,1,1,10.8
2024-02-22 17:16:00,8,17,3,0,Prenzlauer Berg,3.718,3.791,0.981,1.013,11.65,11.8,1,2.65,1,1,15.6
2024-02-22 18:15:00,8,18,3,0,Mitte,4.345,4.375,0.993,1.0,11.63,11.63,0,0.0,1,0,19.0
2024-02-22 19:34:00,8,19,3,0,Mitte,3.331,4.024,0.828,1.003,6.82,6.84,0,0.0,1,1,24.1
2024-02-23 02:13:00,8,2,4,0,Mitte,0.423,5.264,0.08,1.0,4.34,4.34,0,0.0,1,1,8.2
2024-02-23 02:53:00,8,2,4,0,Neukölln,0.425,5.052,0.084,1.0,5.43,5.43,1,1.54,1,1,13.5
2024-02-23 03:02:00,8,3,4,0,Kreuzberg,0.951,4.753,0.2,1.0,7.14,7.14,0,0.0,1,1,17.8
2024-02-23 04:11:00,8,4,4,0,Kreuzberg,0.09,5.564,0.016,1.048,11.58,12.14,0,0.0,1,1,18.8
2024-02-23 04:19:00,8,4,4,0,Friedrichshain,0.162,4.977,0.032,1.031,5.13,5.29,0,0.0,1,0,14.9
2024-02-23 05:09:00,8,5,4,0,Kreuzberg,0.146,5.778,0.025,1.019,10.11,10.3,0,0.0,1,0,18.5
2024-02-23 07:36:00,8,7,4,0,Prenzlauer Berg,1.549,4.687,0.33,1.061,4.87,5.17,0,0.0,1,1,10.8
2024-02-23 10:09:00,8,10,4,0,Mitte,1.402,4.509,0.311,1.0,11.85,11.85,0,0.0,1,0,27.7
2024-02-23 11:19:00,8,11,4,0,Wedding,0.635,5.207,0.122,1.07,7.05,7.55,1,2.44,1,1,22.1
2024-02-23 13:22:00,8,13,4,0,Neukölln,0.046,5.013,0.009,1.037,10.2,10.58,1,1.56,1,1,8.7
2024-02-23 14:01:00,8,14,4,0,Neukölln,0.759,4.928,0.154,1.0,6.74,6.74,1,2.88,1,1,9.7
2024-02-23 14:34:00,8,14,4,0,Prenzlauer Berg,0.221,5.659,0.039,1.045,9.02,9.43,0,0.0,1,1,9.8
2024-02-23 17:10:00,8,17,4,0,Friedrichshain,3.514,3.809,0.922,1.0,5.54,5.54,0,0.0,1,1,19.5
2024-02-23 18:24:00,8,18,4,0,Mitte,4.848,4.4,1.102,1.0,5.17,5.17,0,0.0,1,1,8.9
2024-02-23 19:27:00,8,19,4,0,Mitte,3.624,3.734,0.971,1.0,11.5,11.5,0,0.0,1,0,13.0
2024-02-23 21:06:00,8,21,4,0,Mitte,0.846,4.874,0.174,1.0,11.34,11.34,1,2.65,1,0,17.8
2024-02-24 01:06:00,8,1,5,1,Charlottenburg,1.534,5.274,0.291,1.0,11.1,11.1,0,0.0,1,1,14.5
2024-02-24 02:24:00,8,2,5,1,Prenzlauer Berg,0.668,4.994,0.134,1.049,9.0,9.44,0,0.0,1,1,16.5
2024-02-24 06:48:00,8,6,5,1,Prenzlauer Berg,0.888,4.754,0.187,1.0,10.47,10.47,1,3.13,1,0,9.7
2024-02-24 12:28:00,8,12,5,1,Mitte,2.113,4.528,0.467,1.014,4.55,4.62,1,3.22,1,1,18.9
2024-02-24 13:20:00,8,13,5,1,Prenzlauer Berg,0.457,5.029,0.091,1.0,6.68,6.68,0,0.0,1,1,11.6
2024-02-24 13:53:00,8,13,5,1,Friedrichshain,0.35,5.987,0.058,1.0,6.51,6.51,0,0.0,1,1,13.1
2024-02-24 14:30:00,8,14,5,1,Prenzlauer Berg,0.673,4.99,0.135,1.011,9.09,9.18,0,0.0,1,1,16.4
2024-02-24 16:17:00,8,16,5,1,Friedrichshain,2.388,5.097,0.468,1.0,6.85,6.85,0,0.0,1,1,15.5
2024-02-24 20:39:00,8,20,5,1,Kreuzberg,2.163,5.578,0.388,1.0,5.19,5.19,0,0.0,1,1,15.0
2024-02-24 22:56:00,8,22,5,1,Neukölln,0.479,5.174,0.093,1.0,8.77,8.77,0,0.0,1,1,11.0
2024-02-25 00:44:00,8,0,6,1,Charlottenburg,2.641,5.52,0.478,1.079,10.52,11.35,1,2.2,1,0,13.2
2024-02-25 01:19:00,8,1,6,1,Kreuzberg,1.454,4.775,0.304,1.036,7.06,7.31,0,0.0,1,1,14.9
2024-02-25 01:36:00,8,1,6,1,Kreuzberg,1.845,6.35,0.291,1.004,5.06,5.08,0,0.0,1,0,8.6
2024-02-25 04:58:00,8,4,6,1,Charlottenburg,0.097,5.022,0.019,1.051,5.57,5.86,0,0.0,1,0,12.4
2024-02-25 08:24:00,8,8,6,1,Neukölln,3.883,4.338,0.895,1.0,5.9,5.9,0,0.0,1,0,17.4
2024-02-25 10:14:00,8,10,6,1,Prenzlauer Berg,1.826,4.769,0.383,1.022,6.4,6.54,1,3.35,1,1,8.9
2024-02-25 15:09:00,8,15,6,1,Kreuzberg,0.943,4.964,0.19,1.008,9.14,9.22,0,0.0,1,0,23.6
2024-02-25 15:21:00,8,15,6,1,Neukölln,1.268,5.157,0.246,1.011,8.81,8.9,0,0.0,1,1,24.7
2024-02-25 15:25:00,8,15,6,1,Friedrichshain,0.875,5.424,0.161,1.051,9.57,10.06,0,0.0,1,0,9.0
2024-02-25 19:21:00,8,19,6,1,Prenzlauer Berg,4.601,3.392,1.356,1.029,6.9,7.1,1,2.25,1,1,25.6
2024-02-25 19:29:00,8,19,6,1,Prenzlauer Berg,4.799,3.43,1.399,1.012,10.59,10.71,0,0.0,1,1,14.0
2024-02-25 19:52:00,8,19,6,1,Kreuzberg,5.212,3.925,1.328,1.0,5.63,5.63,1,2.67,1,1,17.6
2024-02-25 23:42:00,8,23,6,1,Charlottenburg,0.127,5.614,0.023,1.0,7.75,7.75,0,0.0,1,0,12.2
2024-02-26 01:26:00,9,1,0,0,Kreuzberg,1.263,6.588,0.192,1.0,10.41,10.41,0,0.0,1,1,21.5
2024-02-26 02:19:00,9,2,0,0,Wedding,0.456,5.699,0.08,1.004,5.44,5.46,0,0.0,1,1,17.5
2024-02-26 04:09:00,9,4,0,0,Prenzlauer Berg,1.962,6.12,0.32,1.0,4.88,4.88,1,3.12,1,1,10.7
2024-02-26 04:21:00,9,4,0,0,Prenzlauer Berg,1.052,5.359,0.196,1.096,11.07,12.14,1,2.88,1,1,9.3
2024-02-26 07:51:00,9,7,0,0,Charlottenburg,1.684,4.623,0.364,1.061,6.74,7.15,0,0.0,1,0,8.3
2024-02-26 11:31:00,9,11,0,0,Wedding,1.081,4.689,0.23,1.024,9.47,9.7,0,0.0,1,1,16.0
2024-02-26 11:50:00,9,11,0,0,Neukölln,0.637,5.691,0.112,1.003,4.2,4.21,0,0.0,1,0,18.7
2024-02-26 12:15:00,9,12,0,0,Prenzlauer Berg,0.435,5.468,0.08,1.0,9.52,9.52,0,0.0,1,1,19.3
2024-02-26 14:30:00,9,14,0,0,Friedrichshain,0.152,4.977,0.03,1.0,6.53,6.53,0,0.0,1,1,14.2
2024-02-26 15:30:00,9,15,0,0,Charlottenburg,1.104,4.881,0.226,1.003,4.45,4.46,1,3.16,1,1,9.4
2024-02-26 19:15:00,9,19,0,0,Prenzlauer Berg,3.258,5.745,0.567,1.01,8.88,8.97,1,3.46,1,1,11.3
2024-02-26 20:46:00,9,20,0,0,Mitte,2.344,4.596,0.51,1.0,5.93,5.93,0,0.0,1,1,23.6
2024-02-26 21:41:00,9,21,0,0,Prenzlauer Berg,1.151,4.937,0.233,1.013,7.09,7.19,0,0.0,1,0,12.3
2024-02-26 21:46:00,9,21,0,0,Kreuzberg,1.035,5.005,0.207,1.0,4.64,4.64,1,1.78,1,1,15.8
2024-02-26 23:29:00,9,23,0,0,Wedding,0.03,5.13,0.006,1.0,5.18,5.18,1,2.14,1,1,9.7
2024-02-27 00:08:00,9,0,1,0,Kreuzberg,1.203,4.855,0.248,1.0,6.38,6.38,0,0.0,1,1,17.0
2024-02-27 00:09:00,9,0,1,0,Wedding,1.181,4.864,0.243,1.0,4.72,4.72,0,0.0,1,1,12.4
2024-02-27 00:18:00,9,0,1,0,Charlottenburg,1.238,4.599,0.269,1.076,11.29,12.14,0,0.0,1,1,22.6
2024-02-27 00:25:00,9,0,1,0,Charlottenburg,1.096,5.492,0.2,1.022,4.05,4.14,0,0.0,1,1,20.3
2024-02-27 03:48:00,9,3,1,0,Charlottenburg,1.158,4.918,0.236,1.0,7.87,7.87,0,0.0,1,1,12.2
2024-02-27 06:38:00,9,6,1,0,Mitte,0.665,5.803,0.115,1.019,4.99,5.08,0,0.0,1,0,14.1
2024-02-27 08:50:00,9,8,1,0,Kreuzberg,2.896,5.126,0.565,1.0,6.46,6.46,0,0.0,1,1,11.9
2024-02-27 09:07:00,9,9,1,0,Mitte,2.953,4.109,0.719,1.043,11.41,11.9,0,0.0,1,0,8.4
2024-02-27 16:17:00,9,16,1,0,Charlottenburg,1.882,4.984,0.378,1.0,5.29,5.29,0,0.0,1,1,10.6
2024-02-27 16:52:00,9,16,1,0,Prenzlauer Berg,2.012,4.679,0.43,1.0,11.73,11.73,0,0.0,1,0,16.1
2024-02-27 18:47:00,9,18,1,0,Friedrichshain,4.29,4.771,0.899,1.053,5.65,5.95,1,2.76,1,1,16.9
2024-02-27 19:37:00,9,19,1,0,Kreuzberg,4.21,3.672,1.146,1.0,9.93,9.93,1,2.61,1,1,15.8
2024-02-27 21:30:00,9,21,1,0,Mitte,0.816,5.394,0.151,1.0,8.37,8.37,0,0.0,1,0,13.2
2024-02-27 23:02:00,9,23,1,0,Prenzlauer Berg,1.955,4.877,0.401,1.0,11.08,11.08,0,0.0,1,1,21.6
2024-02-28 01:34:00,9,1,2,0,Wedding,1.822,4.572,0.398,1.042,8.43,8.78,1,3.05,1,1,15.3
2024-02-28 02:13:00,9,2,2,0,Friedrichshain,0.483,4.919,0.098,1.0,8.28,8.28,0,0.0,1,0,19.7
2024-02-28 03:10:00,9,3,2,0,Prenzlauer Berg,1.12,5.241,0.214,1.0,5.56,5.56,0,0.0,1,0,7.3
2024-02-28 10:17:00,9,10,2,0,Prenzlauer Berg,1.423,5.307,0.268,1.0,5.33,5.33,0,0.0,1,0,3.1
2024-02-28 11:12:00,9,11,2,0,Mitte,1.023,4.87,0.21,1.022,11.33,11.58,0,0.0,1,1,16.7
2024-02-28 11:55:00,9,11,2,0,Wedding,0.534,5.434,0.098,1.048,6.62,6.94,0,0.0,1,1,8.4
2024-02-28 15:04:00,9,15,2,0,Friedrichshain,1.383,4.818,0.287,1.0,6.98,6.98,1,3.16,1,0,13.7
2024-02-28 16:14:00,9,16,2,0,Kreuzberg,2.455,4.89,0.502,1.0,10.08,10.08,0,0.0,1,1,13.2
2024-02-28 17:55:00,9,17,2,0,Charlottenburg,3.859,3.783,1.02,1.046,6.71,7.02,0,0.0,1,1,28.1
2024-02-29 04:26:00,9,4,3,0,Mitte,0.63,6.105,0.103,1.0,11.62,11.62,1,2.55,1,1,17.5
2024-02-29 06:46:00,9,6,3,0,Wedding,0.488,5.033,0.097,1.0,9.9,9.9,0,0.0,1,0,15.9
2024-02-29 07:16:00,9,7,3,0,Mitte,1.407,4.783,0.294,1.008,8.78,8.85,0,0.0,1,1,20.8
2024-02-29 09:33:00,9,9,3,0,Charlottenburg,2.957,4.001,0.739,1.018,11.05,11.25,0,0.0,1,1,17.2
2024-02-29 10:01:00,9,10,3,0,Kreuzberg,1.45,4.564,0.318,1.0,4.4,4.4,0,0.0,1,1,12.4
2024-02-29 15:02:00,9,15,3,0,Friedrichshain,1.016,5.08,0.2,1.001,6.06,6.06,0,0.0,1,1,22.8
2024-02-29 17:09:00,9,17,3,0,Friedrichshain,3.373,4.006,0.842,1.0,7.72,7.72,0,0.0,1,1,9.5
2024-02-29 17:14:00,9,17,3,0,Friedrichshain,4.688,4.442,1.055,1.0,5.82,5.82,0,0.0,1,1,16.9
2024-02-29 17:31:00,9,17,3,0,Charlottenburg,3.613,3.744,0.965,1.018,9.95,10.13,0,0.0,1,0,8.0
2024-02-29 20:28:00,9,20,3,0,Neukölln,2.336,4.468,0.523,1.0,11.35,11.35,0,0.0,1,1,16.1
2024-02-29 20:49:00,9,20,3,0,Mitte,1.701,4.651,0.366,1.002,7.39,7.41,0,0.0,1,1,16.1
2024-03-01 01:55:00,9,1,4,0,Kreuzberg,1.851,4.364,0.424,1.018,6.74,6.86,0,0.0,1,0,29.1
2024-03-01 03:03:00,9,3,4,0,Kreuzberg,1.077,4.703,0.229,1.0,11.69,11.69,0,0.0,1,1,8.0
2024-03-01 04:16:00,9,4,4,0,Wedding,0.272,5.225,0.052,1.007,7.56,7.61,0,0.0,1,1,11.7
2024-03-01 10:35:00,9,10,4,0,Prenzlauer Berg,1.746,4.796,0.364,1.0,7.91,7.91,1,2.72,1,1,20.7
2024-03-01 10:52:00,9,10,4,0,Friedrichshain,1.952,4.627,0.422,1.0,6.81,6.81,0,0.0,1,0,17.0
2024-03-01 11:17:00,9,11,4,0,Friedrichshain,0.419,5.307,0.079,1.024,11.28,11.55,0,0.0,1,0,16.0
2024-03-01 11:48:00,9,11,4,0,Kreuzberg,0.622,5.325,0.117,1.006,8.55,8.61,1,3.29,1,0,10.2
2024-03-01 12:38:00,9,12,4,0,Kreuzberg,0.247,4.919,0.05,1.0,10.1,10.1,0,0.0,1,0,11.7
2024-03-01 23:32:00,9,23,4,0,Kreuzberg,0.079,5.347,0.015,1.009,10.49,10.59,0,0.0,1,1,24.5
2024-03-02 02:51:00,9,2,5,1,Prenzlauer Berg,0.69,6.745,0.102,1.029,6.73,6.93,1,2.42,1,1,14.6
2024-03-02 08:02:00,9,8,5,1,Kreuzberg,3.604,4.178,0.863,1.0,7.47,7.47,1,2.28,1,1,17.3
2024-03-02 11:17:00,9,11,5,1,Mitte,0.456,5.52,0.083,1.046,10.79,11.29,0,0.0,1,1,14.2
2024-03-02 13:56:00,9,13,5,1,Neukölln,0.082,5.196,0.016,1.0,6.91,6.91,0,0.0,1,1,9.3
2024-03-02 15:01:00,9,15,5,1,Wedding,2.024,5.184,0.39,1.017,10.35,10.53,0,0.0,1,0,21.6
2024-03-02 22:56:00,9,22,5,1,Kreuzberg,0.468,5.726,0.082,1.048,11.53,12.08,1,3.23,1,1,18.2
2024-03-03 03:15:00,9,3,6,1,Kreuzberg,1.419,4.945,0.287,1.0,8.99,8.99,0,0.0,1,0,37.4
2024-03-03 04:25:00,9,4,6,1,Mitte,0.233,7.156,0.033,1.0,9.93,9.93,0,0.0,1,1,9.9
2024-03-03 06:29:00,9,6,6,1,Friedrichshain,0.595,4.872,0.122,1.0,10.44,10.44,1,1.99,1,1,20.7
2024-03-03 10:55:00,9,10,6,1,Neukölln,2.068,4.287,0.482,1.0,10.76,10.76,0,0.0,1,0,8.8
2024-03-03 12:32:00,9,12,6,1,Mitte,0.289,5.781,0.05,1.069,7.16,7.66,1,2.05,1,1,15.8
2024-03-03 14:49:00,9,14,6,1,Mitte,0.193,5.92,0.033,1.0,4.41,4.41,0,0.0,1,1,22.0
2024-03-03 15:18:00,9,15,6,1,Neukölln,1.113,4.687,0.238,1.0,7.22,7.22,0,0.0,1,1,6.5
2024-03-03 15:25:00,9,15,6,1,Charlottenburg,0.801,4.905,0.163,1.008,9.39,9.47,0,0.0,1,1,13.7
2024-03-03 16:45:00,9,16,6,1,Mitte,2.524,4.127,0.612,1.0,7.6,7.6,1,2.18,1,1,11.9
2024-03-03 16:57:00,9,16,6,1,Charlottenburg,2.558,4.313,0.593,1.0,9.99,9.99,0,0.0,1,0,11.2
2024-03-03 17:33:00,9,17,6,1,Kreuzberg,4.23,4.41,0.959,1.013,6.86,6.94,0,0.0,1,1,17.4
2024-03-03 20:01:00,9,20,6,1,Kreuzberg,2.163,4.681,0.462,1.0,9.08,9.08,0,0.0,1,1,23.3
2024-03-04 02:05:00,10,2,0,0,Friedrichshain,0.997,4.908,0.203,1.0,5.49,5.49,1,2.72,1,1,14.1
2024-03-04 04:14:00,10,4,0,0,Neukölln,0.252,5.191,0.048,1.0,9.99,9.99,1,3.21,1,0,16.2
2024-03-04 05:21:00,10,5,0,0,Prenzlauer Berg,0.067,4.977,0.013,1.0,8.37,8.37,0,0.0,1,1,15.6
2024-03-04 06:31:00,10,6,0,0,Wedding,2.451,4.356,0.563,1.013,5.63,5.7,0,0.0,1,1,14.9
2024-03-04 07:54:00,10,7,0,0,Prenzlauer Berg,1.397,5.135,0.272,1.07,6.34,6.78,1,2.4,1,1,9.6
2024-03-04 08:48:00,10,8,0,0,Friedrichshain,3.226,6.065,0.532,1.001,9.99,10.0,0,0.0,1,1,23.2
2024-03-04 13:28:00,10,13,0,0,Prenzlauer Berg,1.664,5.544,0.3,1.009,7.86,7.93,0,0.0,1,1,16.7
2024-03-04 14:48:00,10,14,0,0,Neukölln,0.224,4.936,0.045,1.028,5.73,5.89,0,0.0,1,1,17.4
2024-03-04 15:38:00,10,15,0,0,Wedding,0.603,6.162,0.098,1.0,11.74,11.74,1,2.68,1,1,10.8
2024-03-04 17:26:00,10,17,0,0,Mitte,3.255,4.778,0.681,1.068,9.72,10.38,0,0.0,1,1,12.4
2024-03-05 02:18:00,10,2,1,0,Wedding,0.534,5.723,0.093,1.008,11.66,11.75,0,0.0,1,1,13.9
2024-03-05 04:36:00,10,4,1,0,Neukölln,0.048,5.351,0.009,1.065,7.42,7.9,0,0.0,1,0,8.1
2024-03-05 04:50:00,10,4,1,0,Neukölln,0.477,5.138,0.093,1.0,7.8,7.8,0,0.0,1,1,7.6
2024-03-05 07:31:00,10,7,1,0,Kreuzberg,1.399,4.727,0.296,1.073,11.18,12.0,0,0.0,1,1,11.7
2024-03-05 10:30:00,10,10,1,0,Neukölln,1.658,4.46,0.372,1.031,8.2,8.45,0,0.0,1,1,18.3
2024-03-05 17:08:00,10,17,1,0,Neukölln,5.488,3.235,1.697,1.101,9.66,10.63,0,0.0,1,0,11.5
2024-03-05 19:16:00,10,19,1,0,Kreuzberg,3.876,3.813,1.016,1.009,6.02,6.07,0,0.0,1,1,9.9
2024-03-06 00:03:00,10,0,2,0,Wedding,1.441,4.893,0.295,1.0,7.57,7.57,0,0.0,1,1,10.7
2024-03-06 00:05:00,10,0,2,0,Mitte,1.205,5.404,0.223,1.048,4.99,5.23,1,2.16,1,1,12.4
2024-03-06 00:29:00,10,0,2,0,Mitte,1.45,4.878,0.297,1.006,5.65,5.68,1,2.94,1,1,12.9
2024-03-06 07:33:00,10,7,2,0,Charlottenburg,1.673,4.45,0.376,1.0,4.01,4.01,1,2.79,1,1,35.4
2024-03-06 08:03:00,10,8,2,0,Charlottenburg,2.973,5.859,0.507,1.0,4.31,4.31,0,0.0,1,1,22.7
2024-03-06 08:21:00,10,8,2,0,Charlottenburg,2.807,5.734,0.489,1.0,11.82,11.82,0,0.0,1,1,22.4
2024-03-06 12:53:00,10,12,2,0,Mitte,0.915,5.603,0.163,1.012,5.94,6.01,0,0.0,1,0,23.7
2024-03-06 12:56:00,10,12,2,0,Wedding,0.283,7.75,0.037,1.0,9.31,9.31,1,2.77,1,1,10.0
2024-03-06 14:39:00,10,14,2,0,Mitte,0.201,5.401,0.037,1.049,10.71,11.24,1,2.61,1,1,9.1
2024-03-06 15:56:00,10,15,2,0,Mitte,0.725,6.721,0.108,1.0,8.41,8.41,1,1.52,1,0,9.6
2024-03-06 18:40:00,10,18,2,0,Mitte,4.214,3.572,1.18,1.006,5.23,5.26,0,0.0,1,0,25.4
2024-03-06 21:06:00,10,21,2,0,Charlottenburg,1.244,4.838,0.257,1.0,9.82,9.82,0,0.0,1,1,12.0
2024-03-06 22:21:00,10,22,2,0,Wedding,0.643,4.928,0.131,1.03,8.8,9.07,0,0.0,1,0,9.0
2024-03-07 03:45:00,10,3,3,0,Friedrichshain,0.639,4.907,0.13,1.0,9.85,9.85,0,0.0,1,1,12.5
2024-03-07 06:43:00,10,6,3,0,Neukölln,0.347,4.97,0.07,1.017,10.16,10.33,0,0.0,1,1,13.5
2024-03-07 09:00:00,10,9,3,0,Mitte,2.966,4.546,0.652,1.0,11.8,11.8,1,2.0,1,0,16.6
2024-03-07 09:51:00,10,9,3,0,Charlottenburg,3.013,4.857,0.62,1.051,8.59,9.03,0,0.0,1,1,16.5
2024-03-07 10:09:00,10,10,3,0,Prenzlauer Berg,1.381,5.035,0.274,1.042,6.73,7.01,0,0.0,1,1,10.7
2024-03-07 16:03:00,10,16,3,0,Prenzlauer Berg,1.765,4.478,0.394,1.023,9.19,9.4,0,0.0,1,1,19.6
2024-03-07 16:49:00,10,16,3,0,Mitte,2.216,5.224,0.424,1.0,4.55,4.55,1,2.09,1,1,11.5
2024-03-07 22:55:00,10,22,3,0,Friedrichshain,0.173,5.546,0.031,1.023,11.18,11.44,0,0.0,1,1,14.0
2024-03-08 02:08:00,10,2,4,0,Prenzlauer Berg,0.696,5.051,0.138,1.0,4.96,4.96,0,0.0,1,1,19.6
2024-03-08 03:27:00,10,3,4,0,Friedrichshain,0.15,5.62,0.027,1.034,6.62,6.85,1,3.46,1,0,11.5
2024-03-08 04:25:00,10,4,4,0,Prenzlauer Berg,0.01,5.177,0.002,1.066,10.53,11.22,0,0.0,1,0,11.8
2024-03-08 06:32:00,10,6,4,0,Mitte,0.453,5.096,0.089,1.043,8.78,9.15,0,0.0,1,1,18.9
2024-03-08 06:50:00,10,6,4,0,Charlottenburg,1.832,5.856,0.313,1.0,7.15,7.15,0,0.0,1,0,10.6
2024-03-08 08:14:00,10,8,4,0,Mitte,3.397,4.017,0.846,1.014,7.79,7.9,0,0.0,1,1,12.8
2024-03-08 11:54:00,10,11,4,0,Neukölln,1.626,4.812,0.338,1.0,10.84,10.84,1,2.95,1,1,18.6
2024-03-08 13:19:00,10,13,4,0,Charlottenburg,0.286,6.225,0.046,1.023,6.72,6.87,1,2.37,1,1,33.8
2024-03-08 13:52:00,10,13,4,0,Mitte,0.065,5.715,0.011,1.018,10.96,11.15,0,0.0,1,1,19.0
2024-03-08 17:07:00,10,17,4,0,Wedding,3.521,3.806,0.925,1.0,4.71,4.71,0,0.0,1,1,18.0
2024-03-08 19:17:00,10,19,4,0,Prenzlauer Berg,3.445,3.89,0.886,1.0,10.21,10.21,0,0.0,1,1,18.4
2024-03-08 21:48:00,10,21,4,0,Mitte,1.285,4.555,0.282,1.0,10.78,10.78,0,0.0,1,1,9.7
2024-03-08 23:05:00,10,23,4,0,Charlottenburg,0.057,5.578,0.01,1.0,5.45,5.45,0,0.0,1,1,15.6
2024-03-08 23:59:00,10,23,4,0,Kreuzberg,0.283,5.257,0.054,1.0,7.44,7.44,0,0.0,1,1,14.7
2024-03-09 04:56:00,10,4,5,1,Neukölln,0.072,5.061,0.014,1.016,5.32,5.41,0,0.0,1,0,16.9
2024-03-09 10:05:00,10,10,5,1,Neukölln,1.943,6.221,0.312,1.01,9.65,9.75,1,2.23,1,1,15.6
2024-03-09 11:17:00,10,11,5,1,Wedding,0.98,5.11,0.192,1.0,8.28,8.28,0,0.0,1,1,17.3
2024-03-09 12:51:00,10,12,5,1,Prenzlauer Berg,0.316,5.056,0.062,1.0,9.08,9.08,0,0.0,1,1,13.1
2024-03-09 13:05:00,10,13,5,1,Prenzlauer Berg,0.212,5.342,0.04,1.042,5.57,5.81,0,0.0,1,0,15.2
2024-03-09 14:54:00,10,14,5,1,Friedrichshain,0.349,5.561,0.063,1.066,5.69,6.07,1,1.65,1,1,9.1
2024-03-09 17:23:00,10,17,5,1,Mitte,4.41,3.504,1.258,1.0,4.33,4.33,0,0.0,1,0,13.1
2024-03-10 05:00:00,10,5,6,1,Charlottenburg,0.67,4.958,0.135,1.0,6.58,6.58,0,0.0,1,1,26.0
2024-03-10 06:06:00,10,6,6,1,Charlottenburg,1.336,5.519,0.242,1.02,8.48,8.64,0,0.0,1,0,16.9
2024-03-10 07:11:00,10,7,6,1,Mitte,3.029,4.309,0.703,1.0,10.86,10.86,1,2.82,1,1,14.8
2024-03-10 09:10:00,10,9,6,1,Prenzlauer Berg,4.194,4.007,1.047,1.0,9.34,9.34,0,0.0,1,1,31.8
2024-03-10 09:17:00,10,9,6,1,Neukölln,3.727,4.036,0.924,1.03,7.48,7.7,1,3.24,1,1,8.6
2024-03-10 09:56:00,10,9,6,1,Neukölln,4.042,3.612,1.119,1.0,11.62,11.62,1,2.47,1,1,9.5
2024-03-10 12:02:00,10,12,6,1,Mitte,0.287,5.008,0.057,1.053,9.75,10.27,1,2.11,1,1,29.5
2024-03-10 12:12:00,10,12,6,1,Mitte,0.175,5.293,0.033,1.003,11.44,11.47,0,0.0,1,1,15.2
2024-03-10 18:17:00,10,18,6,1,Kreuzberg,5.935,3.063,1.937,1.159,8.22,9.52,0,0.0,1,0,13.5
2024-03-10 19:08:00,10,19,6,1,Neukölln,4.18,3.568,1.171,1.0,6.07,6.07,0,0.0,1,1,9.2
2024-03-10 21:03:00,10,21,6,1,Mitte,1.632,5.542,0.294,1.0,4.42,4.42,1,1.73,1,1,17.8
2024-03-10 22:38:00,10,22,6,1,Friedrichshain,0.396,7.245,0.055,1.0,9.81,9.81,0,0.0,1,1,18.5
2024-03-11 04:31:00,11,4,0,0,Mitte,0.411,5.802,0.071,1.06,4.97,5.27,0,0.0,1,1,9.6
2024-03-11 12:41:00,11,12,0,0,Charlottenburg,0.475,5.987,0.079,1.002,6.42,6.43,0,0.0,1,1,14.1
2024-03-11 15:58:00,11,15,0,0,Kreuzberg,1.443,4.661,0.31,1.018,8.26,8.41,0,0.0,1,1,13.0
2024-03-11 23:22:00,11,23,0,0,Neukölln,0.42,6.794,0.062,1.038,8.52,8.84,0,0.0,1,1,16.5
2024-03-12 00:36:00,11,0,1,0,Kreuzberg,1.44,4.628,0.311,1.0,8.8,8.8,0,0.0,1,1,9.5
2024-03-12 01:34:00,11,1,1,0,Charlottenburg,1.087,6.435,0.169,1.019,5.33,5.43,0,0.0,1,1,24.6
2024-03-12 05:48:00,11,5,1,0,Kreuzberg,0.335,8.04,0.042,1.0,7.04,7.04,1,2.94,1,1,21.5
2024-03-12 11:05:00,11,11,1,0,Friedrichshain,0.408,5.604,0.073,1.034,8.94,9.24,0,0.0,1,1,12.9
2024-03-12 12:47:00,11,12,1,0,Neukölln,0.579,7.18,0.081,1.0,11.76,11.76,0,0.0,1,1,13.6
2024-03-12 13:36:00,11,13,1,0,Mitte,0.305,5.399,0.057,1.0,9.82,9.82,0,0.0,1,0,14.1
2024-03-12 13:46:00,11,13,1,0,Neukölln,0.474,5.014,0.095,1.0,11.38,11.38,0,0.0,1,1,10.9
2024-03-12 14:54:00,11,14,1,0,Charlottenburg,0.131,5.299,0.025,1.017,10.1,10.27,1,1.79,1,1,12.5
2024-03-12 18:09:00,11,18,1,0,Mitte,4.035,4.128,0.978,1.019,8.73,8.9,0,0.0,1,1,13.4
2024-03-12 20:19:00,11,20,1,0,Prenzlauer Berg,2.148,4.294,0.5,1.0,5.54,5.54,0,0.0,1,1,28.4
2024-03-12 22:43:00,11,22,1,0,Mitte,0.144,5.534,0.026,1.0,9.33,9.33,0,0.0,1,1,21.7
2024-03-12 22:44:00,11,22,1,0,Friedrichshain,0.144,7.333,0.02,1.0,8.99,8.99,1,2.41,1,1,21.6
2024-03-12 23:41:00,11,23,1,0,Friedrichshain,0.02,5.119,0.004,1.0,8.82,8.82,0,0.0,1,0,17.3
2024-03-12 23:49:00,11,23,1,0,Mitte,1.269,5.5,0.231,1.034,7.92,8.18,1,2.29,1,0,9.5
2024-03-13 04:44:00,11,4,2,0,Prenzlauer Berg,0.54,6.242,0.087,1.0,8.23,8.23,0,0.0,1,0,14.6
2024-03-13 06:09:00,11,6,2,0,Neukölln,0.517,6.545,0.079,1.0,6.68,6.68,0,0.0,1,1,21.9
2024-03-13 07:31:00,11,7,2,0,Wedding,1.514,6.403,0.236,1.0,8.15,8.15,0,0.0,1,1,9.0
2024-03-13 07:55:00,11,7,2,0,Prenzlauer Berg,1.546,4.901,0.315,1.0,5.58,5.58,1,3.14,1,1,19.2
2024-03-13 13:23:00,11,13,2,0,Wedding,0.614,7.056,0.087,1.0,10.44,10.44,0,0.0,1,0,37.7
2024-03-13 14:45:00,11,14,2,0,Charlottenburg,0.547,5.658,0.097,1.0,5.49,5.49,1,1.58,1,1,22.8
2024-03-13 16:04:00,11,16,2,0,Prenzlauer Berg,1.726,4.502,0.384,1.004,4.68,4.7,0,0.0,1,1,26.2
2024-03-13 17:32:00,11,17,2,0,Neukölln,3.279,4.241,0.773,1.053,7.49,7.89,0,0.0,1,1,16.2
2024-03-13 18:08:00,11,18,2,0,Prenzlauer Berg,4.041,4.346,0.93,1.013,9.27,9.38,0,0.0,1,1,21.9
2024-03-13 20:13:00,11,20,2,0,Prenzlauer Berg,2.076,4.444,0.467,1.0,7.5,7.5,1,3.22,1,0,11.2
2024-03-13 21:19:00,11,21,2,0,Prenzlauer Berg,1.12,5.222,0.214,1.018,6.21,6.33,0,0.0,1,1,20.5
2024-03-13 21:50:00,11,21,2,0,Neukölln,0.665,5.426,0.122,1.0,8.47,8.47,1,1.94,1,1,19.3
2024-03-13 22:47:00,11,22,2,0,Neukölln,0.123,5.064,0.024,1.0,6.78,6.78,1,1.9,1,1,16.7
2024-03-14 03:38:00,11,3,3,0,Prenzlauer Berg,0.087,5.469,0.016,1.0,11.46,11.46,1,3.34,1,0,25.2
2024-03-14 03:51:00,11,3,3,0,Kreuzberg,1.428,5.386,0.265,1.0,11.38,11.38,0,0.0,1,1,12.0
2024-03-14 05:47:00,11,5,3,0,Prenzlauer Berg,0.183,5.351,0.034,1.0,8.02,8.02,0,0.0,1,0,13.8
2024-03-14 07:15:00,11,7,3,0,Charlottenburg,1.96,4.321,0.454,1.006,6.62,6.66,1,2.29,1,1,15.5
2024-03-14 07:28:00,11,7,3,0,Kreuzberg,1.765,4.388,0.402,1.0,9.9,9.9,0,0.0,1,0,9.9
2024-03-14 09:23:00,11,9,3,0,Neukölln,2.943,4.235,0.695,1.0,4.29,4.29,0,0.0,1,1,16.3
2024-03-14 11:51:00,11,11,3,0,Prenzlauer Berg,0.435,6.412,0.068,1.0,7.8,7.8,0,0.0,1,1,7.5
2024-03-14 12:52:00,11,12,3,0,Kreuzberg,0.096,5.122,0.019,1.024,6.69,6.85,0,0.0,1,1,22.6
2024-03-14 13:11:00,11,13,3,0,Mitte,0.4,5.464,0.073,1.0,11.36,11.36,0,0.0,1,1,15.2
2024-03-14 13:40:00,11,13,3,0,Kreuzberg,0.614,4.936,0.124,1.031,4.1,4.22,0,0.0,1,1,12.1
2024-03-14 14:54:00,11,14,3,0,Wedding,0.527,5.048,0.104,1.0,8.42,8.42,0,0.0,1,0,10.7
2024-03-14 17:15:00,11,17,3,0,Kreuzberg,3.505,4.904,0.715,1.0,9.93,9.93,0,0.0,1,1,13.5
2024-03-14 21:54:00,11,21,3,0,Mitte,0.558,5.588,0.1,1.0,7.88,7.88,0,0.0,1,1,19.6
2024-03-14 23:13:00,11,23,3,0,Prenzlauer Berg,1.398,4.571,0.306,1.0,4.68,4.68,0,0.0,1,1,18.5
2024-03-15 00:40:00,11,0,4,0,Kreuzberg,1.7,4.741,0.359,1.039,11.78,12.24,0,0.0,1,1,11.2
2024-03-15 00:49:00,11,0,4,0,Mitte,1.198,4.599,0.26,1.021,8.14,8.31,0,0.0,1,0,10.6
2024-03-15 09:08:00,11,9,4,0,Kreuzberg,4.315,3.883,1.111,1.039,8.91,9.26,0,0.0,1,1,19.4
2024-03-15 14:04:00,11,14,4,0,Charlottenburg,0.483,5.483,0.088,1.021,5.89,6.02,0,0.0,1,0,11.1
2024-03-15 16:14:00,11,16,4,0,Charlottenburg,1.994,4.378,0.455,1.0,7.87,7.87,0,0.0,1,0,15.2
2024-03-15 17:16:00,11,17,4,0,Kreuzberg,3.754,3.891,0.965,1.0,7.43,7.43,1,1.91,1,1,15.6
2024-03-15 18:08:00,11,18,4,0,Prenzlauer Berg,4.668,3.671,1.272,1.0,4.6,4.6,0,0.0,1,1,16.9
2024-03-15 22:04:00,11,22,4,0,Wedding,0.542,6.322,0.086,1.053,4.85,5.11,1,2.44,1,1,21.0
2024-03-16 03:26:00,11,3,5,1,Kreuzberg,0.123,7.956,0.016,1.0,10.7,10.7,0,0.0,1,1,9.0
2024-03-16 04:15:00,11,4,5,1,Kreuzberg,0.172,4.967,0.035,1.036,5.92,6.13,0,0.0,1,1,6.9
2024-03-16 05:43:00,11,5,5,1,Kreuzberg,1.108,5.471,0.203,1.036,5.56,5.76,0,0.0,1,1,11.9
2024-03-16 10:47:00,11,10,5,1,Prenzlauer Berg,1.887,4.618,0.409,1.073,8.04,8.63,0,0.0,1,1,30.6
2024-03-16 12:01:00,11,12,5,1,Friedrichshain,0.243,5.214,0.047,1.0,10.15,10.15,0,0.0,1,0,33.4
2024-03-16 18:21:00,11,18,5,1,Kreuzberg,5.426,3.943,1.376,1.028,4.5,4.62,0,0.0,1,1,31.0
2024-03-16 18:58:00,11,18,5,1,Friedrichshain,5.432,4.603,1.18,1.091,8.61,9.4,0,0.0,1,1,13.8
2024-03-17 00:55:00,11,0,6,1,Mitte,1.756,6.194,0.284,1.0,4.95,4.95,0,0.0,1,0,7.3
2024-03-17 04:20:00,11,4,6,1,Prenzlauer Berg,1.153,5.113,0.226,1.0,4.29,4.29,0,0.0,1,1,5.8
2024-03-17 10:19:00,11,10,6,1,Friedrichshain,1.896,4.602,0.412,1.0,4.42,4.42,1,1.64,1,1,11.6
2024-03-17 11:14:00,11,11,6,1,Kreuzberg,0.497,5.755,0.086,1.029,10.67,10.98,0,0.0,1,0,13.7
2024-03-17 14:27:00,11,14,6,1,Charlottenburg,0.237,5.091,0.046,1.0,4.94,4.94,0,0.0,1,1,25.0
2024-03-17 16:42:00,11,16,6,1,Kreuzberg,3.01,4.445,0.677,1.0,4.36,4.36,0,0.0,1,0,21.1
2024-03-17 18:30:00,11,18,6,1,Friedrichshain,5.615,3.301,1.701,1.098,7.5,8.24,0,0.0,1,1,16.3
2024-03-17 23:47:00,11,23,6,1,Mitte,0.155,5.587,0.028,1.007,10.75,10.83,1,2.08,1,1,10.4
2024-03-18 00:18:00,12,0,0,0,Neukölln,1.736,4.557,0.381,1.017,6.1,6.2,0,0.0,1,0,10.1
2024-03-18 02:01:00,12,2,0,0,Mitte,1.18,4.715,0.25,1.009,7.37,7.44,0,0.0,1,1,16.5
2024-03-18 06:10:00,12,6,0,0,Neukölln,1.092,6.12,0.178,1.051,4.32,4.54,1,2.26,1,0,19.7
2024-03-18 11:10:00,12,11,0,0,Kreuzberg,1.348,4.593,0.293,1.0,7.59,7.59,0,0.0,1,1,17.4
2024-03-18 13:27:00,12,13,0,0,Friedrichshain,0.134,5.376,0.025,1.0,8.62,8.62,0,0.0,1,0,9.8
2024-03-18 14:42:00,12,14,0,0,Kreuzberg,0.677,4.913,0.138,1.0,8.57,8.57,1,2.15,1,0,19.3
2024-03-18 16:18:00,12,16,0,0,Wedding,1.891,4.362,0.434,1.033,6.66,6.88,0,0.0,1,1,17.6
2024-03-18 19:48:00,12,19,0,0,Mitte,3.941,3.643,1.082,1.036,6.52,6.76,0,0.0,1,0,9.7
2024-03-18 21:29:00,12,21,0,0,Mitte,1.063,4.744,0.224,1.018,4.85,4.94,0,0.0,1,1,10.9
2024-03-18 22:41:00,12,22,0,0,Prenzlauer Berg,0.714,5.96,0.12,1.047,6.93,7.26,0,0.0,1,0,19.6
2024-03-18 22:56:00,12,22,0,0,Mitte,0.541,5.01,0.108,1.0,4.8,4.8,0,0.0,1,1,13.5
2024-03-19 00:52:00,12,0,1,0,Mitte,1.137,6.405,0.178,1.067,10.13,10.81,1,1.95,1,0,28.1
2024-03-19 03:53:00,12,3,1,0,Wedding,0.368,5.394,0.068,1.061,11.73,12.44,0,0.0,1,1,18.2
2024-03-19 04:10:00,12,4,1,0,Wedding,1.676,4.758,0.352,1.029,11.76,12.11,1,3.39,1,1,12.2
2024-03-19 06:58:00,12,6,1,0,Kreuzberg,1.451,5.013,0.289,1.071,10.92,11.7,1,2.56,1,1,14.8
2024-03-19 10:21:00,12,10,1,0,Wedding,1.391,4.949,0.281,1.0,8.81,8.81,0,0.0,1,1,15.3
2024-03-19 11:47:00,12,11,1,0,Charlottenburg,0.415,5.708,0.073,1.0,9.61,9.61,0,0.0,1,0,11.1
2024-03-19 14:55:00,12,14,1,0,Kreuzberg,0.171,5.139,0.033,1.0,6.28,6.28,0,0.0,1,1,10.3
2024-03-19 15:36:00,12,15,1,0,Friedrichshain,1.059,4.891,0.217,1.029,9.05,9.31,1,2.45,1,1,19.7
2024-03-19 21:34:00,12,21,1,0,Charlottenburg,1.222,5.919,0.207,1.0,7.65,7.65,1,2.71,1,1,20.9
2024-03-19 21:48:00,12,21,1,0,Wedding,0.637,6.533,0.098,1.03,7.86,8.09,0,0.0,1,1,18.9
2024-03-19 22:45:00,12,22,1,0,Kreuzberg,0.396,6.2,0.064,1.055,10.06,10.61,0,0.0,1,1,27.3
2024-03-19 23:03:00,12,23,1,0,Friedrichshain,0.75,5.064,0.148,1.028,6.26,6.43,0,0.0,1,0,12.0
2024-03-19 23:07:00,12,23,1,0,Mitte,0.543,5.719,0.095,1.011,6.54,6.62,1,3.28,1,0,29.1
2024-03-19 23:20:00,12,23,1,0,Mitte,0.328,5.273,0.062,1.0,11.4,11.4,0,0.0,1,1,10.4
2024-03-20 20:06:00,12,20,2,0,Mitte,2.001,4.712,0.425,1.0,4.45,4.45,0,0.0,1,1,9.9
2024-03-20 20:22:00,12,20,2,0,Wedding,1.928,4.462,0.432,1.05,7.89,8.28,1,3.29,1,1,7.4
2024-03-20 21:26:00,12,21,2,0,Neukölln,0.683,5.298,0.129,1.031,11.3,11.65,0,0.0,1,0,12.4
2024-03-21 02:24:00,12,2,3,0,Neukölln,0.723,4.871,0.148,1.0,8.88,8.88,0,0.0,1,1,12.2
2024-03-21 02:58:00,12,2,3,0,Prenzlauer Berg,0.857,4.942,0.173,1.0,8.37,8.37,0,0.0,1,0,18.4
2024-03-21 03:32:00,12,3,3,0,Kreuzberg,0.879,5.851,0.15,1.0,6.0,6.0,0,0.0,1,1,16.4
2024-03-21 04:52:00,12,4,3,0,Mitte,0.41,4.996,0.082,1.0,6.75,6.75,0,0.0,1,0,9.2
2024-03-21 06:49:00,12,6,3,0,Kreuzberg,0.915,4.724,0.194,1.076,10.82,11.64,1,3.4,1,1,12.7
2024-03-21 07:55:00,12,7,3,0,Kreuzberg,1.443,4.538,0.318,1.0,8.47,8.47,0,0.0,1,1,12.8
2024-03-21 08:10:00,12,8,3,0,Friedrichshain,2.998,5.647,0.531,1.008,8.12,8.18,0,0.0,1,1,7.3
2024-03-21 10:48:00,12,10,3,0,Charlottenburg,1.377,4.942,0.279,1.04,4.8,4.99,0,0.0,1,1,10.1
2024-03-21 12:13:00,12,12,3,0,Mitte,0.157,5.261,0.03,1.0,4.13,4.13,0,0.0,1,1,10.9
2024-03-21 12:49:00,12,12,3,0,Mitte,0.563,5.802,0.097,1.007,11.71,11.8,0,0.0,1,0,26.4
2024-03-21 13:38:00,12,13,3,0,Mitte,1.94,5.405,0.359,1.038,7.02,7.28,1,2.6,1,1,16.1
2024-03-21 14:19:00,12,14,3,0,Prenzlauer Berg,0.156,5.188,0.03,1.0,8.83,8.83,1,2.82,1,0,19.4
2024-03-21 15:33:00,12,15,3,0,Wedding,0.747,5.448,0.137,1.115,4.64,5.17,0,0.0,1,1,8.2
2024-03-21 16:05:00,12,16,3,0,Charlottenburg,2.288,5.084,0.45,1.0,9.46,9.46,0,0.0,1,1,24.0
2024-03-21 17:00:00,12,17,3,0,Neukölln,3.294,4.485,0.735,1.042,11.46,11.95,0,0.0,1,1,25.0
2024-03-21 17:03:00,12,17,3,0,Prenzlauer Berg,3.527,3.864,0.913,1.0,8.61,8.61,1,2.31,1,1,6.7
2024-03-21 17:45:00,12,17,3,0,Kreuzberg,3.731,4.946,0.754,1.031,5.01,5.16,0,0.0,1,1,11.2
2024-03-21 17:59:00,12,17,3,0,Mitte,3.586,4.21,0.852,1.018,8.65,8.81,1,3.42,1,1,18.1
2024-03-21 19:47:00,12,19,3,0,Neukölln,3.286,4.049,0.812,1.0,10.13,10.13,0,0.0,1,1,19.3
2024-03-21 20:52:00,12,20,3,0,Neukölln,1.82,4.695,0.388,1.009,7.25,7.32,1,2.97,1,1,11.3
2024-03-21 23:04:00,12,23,3,0,Mitte,0.628,4.803,0.131,1.0,11.04,11.04,1,2.32,1,1,13.2
2024-03-22 00:02:00,12,0,4,0,Prenzlauer Berg,1.382,4.598,0.301,1.024,9.19,9.41,1,2.21,1,1,11.7
2024-03-22 00:54:00,12,0,4,0,Prenzlauer Berg,1.061,5.499,0.193,1.012,11.19,11.33,0,0.0,1,1,15.6
2024-03-22 02:30:00,12,2,4,0,Charlottenburg,0.962,4.663,0.206,1.026,8.99,9.22,0,0.0,1,0,24.0
2024-03-22 05:30:00,12,5,4,0,Wedding,0.057,5.303,0.011,1.042,5.05,5.26,0,0.0,1,1,10.9
2024-03-22 08:58:00,12,8,4,0,Charlottenburg,3.298,4.289,0.769,1.015,6.48,6.57,1,2.59,1,1,22.2
2024-03-22 11:33:00,12,11,4,0,Charlottenburg,0.433,4.882,0.089,1.006,5.61,5.65,0,0.0,1,1,10.9
2024-03-22 11:37:00,12,11,4,0,Mitte,1.611,6.605,0.244,1.0,11.27,11.27,1,1.77,1,1,10.6
2024-03-22 13:43:00,12,13,4,0,Mitte,0.202,5.083,0.04,1.0,10.08,10.08,1,2.49,1,1,20.6
2024-03-22 13:58:00,12,13,4,0,Mitte,0.176,5.156,0.034,1.047,9.41,9.86,0,0.0,1,0,21.5
2024-03-22 16:20:00,12,16,4,0,Mitte,1.709,4.619,0.37,1.057,6.41,6.78,1,1.75,1,1,20.9
2024-03-22 17:51:00,12,17,4,0,Friedrichshain,3.349,3.985,0.84,1.0,5.47,5.47,0,0.0,1,0,8.8
2024-03-22 18:15:00,12,18,4,0,Friedrichshain,4.837,3.308,1.462,1.002,10.05,10.07,0,0.0,1,1,12.3
2024-03-22 20:07:00,12,20,4,0,Mitte,3.888,4.423,0.879,1.0,7.79,7.79,0,0.0,1,1,20.7
2024-03-22 23:36:00,12,23,4,0,Neukölln,0.199,6.974,0.029,1.047,5.81,6.08,0,0.0,1,1,15.1
2024-03-23 04:35:00,12,4,5,1,Mitte,0.245,5.067,0.048,1.027,8.93,9.17,1,3.32,1,1,9.7
2024-03-23 06:53:00,12,6,5,1,Kreuzberg,0.957,5.318,0.18,1.078,4.32,4.66,0,0.0,1,1,17.9
2024-03-23 07:07:00,12,7,5,1,Kreuzberg,2.655,4.883,0.544,1.0,6.61,6.61,0,0.0,1,1,11.2
2024-03-23 08:04:00,12,8,5,1,Kreuzberg,3.935,4.755,0.828,1.0,7.75,7.75,0,0.0,1,1,30.5
2024-03-23 08:06:00,12,8,5,1,Kreuzberg,3.774,4.009,0.942,1.009,5.18,5.23,1,3.42,1,0,27.6
2024-03-23 13:23:00,12,13,5,1,Prenzlauer Berg,0.236,5.134,0.046,1.026,11.88,12.18,0,0.0,1,1,18.9
2024-03-23 18:53:00,12,18,5,1,Prenzlauer Berg,5.676,3.25,1.747,1.09,5.67,6.18,1,3.21,1,1,25.6
2024-03-23 21:01:00,12,21,5,1,Wedding,0.705,5.501,0.128,1.0,5.04,5.04,0,0.0,1,1,15.3
2024-03-23 21:05:00,12,21,5,1,Mitte,1.09,5.637,0.193,1.035,5.63,5.83,0,0.0,1,1,20.2
2024-03-23 23:14:00,12,23,5,1,Mitte,0.196,5.052,0.039,1.029,10.15,10.45,0,0.0,1,0,26.9
2024-03-24 00:35:00,12,0,6,1,Mitte,2.009,4.575,0.439,1.0,7.4,7.4,0,0.0,1,0,16.4
2024-03-24 05:20:00,12,5,6,1,Charlottenburg,0.095,6.36,0.015,1.054,8.52,8.99,1,3.21,1,1,13.4
2024-03-24 07:13:00,12,7,6,1,Mitte,2.14,5.237,0.409,1.047,4.17,4.36,0,0.0,1,1,7.5
2024-03-24 09:25:00,12,9,6,1,Neukölln,3.838,6.171,0.622,1.005,4.28,4.3,1,1.65,1,1,14.4
2024-03-24 13:10:00,12,13,6,1,Prenzlauer Berg,0.435,5.69,0.076,1.003,7.57,7.59,0,0.0,1,1,20.7
2024-03-24 15:27:00,12,15,6,1,Prenzlauer Berg,0.731,5.044,0.145,1.022,10.53,10.77,0,0.0,1,1,21.7
2024-03-24 15:46:00,12,15,6,1,Charlottenburg,1.051,5.168,0.203,1.0,11.08,11.08,1,1.96,1,1,18.2
2024-03-24 16:08:00,12,16,6,1,Mitte,2.468,4.785,0.516,1.001,4.69,4.7,1,3.1,1,1,12.0
2024-03-24 18:26:00,12,18,6,1,Mitte,5.529,3.114,1.776,1.024,8.31,8.51,0,0.0,1,0,6.7
2024-03-24 21:22:00,12,21,6,1,Kreuzberg,1.074,5.096,0.211,1.035,11.31,11.7,0,0.0,1,1,12.2
2024-03-24 22:41:00,12,22,6,1,Charlottenburg,0.6,5.531,0.108,1.0,7.1,7.1,0,0.0,1,1,13.2
2024-03-25 02:13:00,12,2,0,0,Kreuzberg,1.043,4.745,0.22,1.06,10.64,11.28,0,0.0,1,0,13.1
2024-03-25 06:05:00,12,6,0,0,Mitte,0.468,5.746,0.081,1.0,5.07,5.07,1,1.73,1,1,19.1
2024-03-25 07:20:00,12,7,0,0,Wedding,2.071,4.801,0.431,1.0,11.48,11.48,1,2.85,1,1,32.9
2024-03-25 07:33:00,12,7,0,0,Mitte,1.649,6.247,0.264,1.0,10.01,10.01,0,0.0,1,1,15.6
2024-03-25 10:48:00,12,10,0,0,Neukölln,1.406,4.534,0.31,1.0,11.53,11.53,1,2.94,1,1,13.6
2024-03-25 13:19:00,12,13,0,0,Neukölln,0.042,5.17,0.008,1.057,9.41,9.95,0,0.0,1,0,13.4
2024-03-25 14:02:00,12,14,0,0,Kreuzberg,0.277,5.455,0.051,1.0,6.91,6.91,0,0.0,1,1,15.6
2024-03-25 14:53:00,12,14,0,0,Mitte,0.729,4.956,0.147,1.051,11.51,12.09,0,0.0,1,1,10.7
2024-03-25 15:23:00,12,15,0,0,Mitte,1.033,5.39,0.192,1.014,6.2,6.29,0,0.0,1,1,15.6
2024-03-25 17:33:00,12,17,0,0,Friedrichshain,3.825,4.515,0.847,1.0,6.66,6.66,0,0.0,1,0,17.8
2024-03-25 20:41:00,12,20,0,0,Charlottenburg,1.936,4.387,0.441,1.0,9.61,9.61,0,0.0,1,0,16.2
2024-03-26 00:41:00,12,0,1,0,Neukölln,1.291,4.981,0.259,1.067,10.12,10.8,0,0.0,1,1,17.9
2024-03-26 03:36:00,12,3,1,0,Wedding,0.117,5.386,0.022,1.0,11.44,11.44,0,0.0,1,1,17.7
2024-03-26 06:03:00,12,6,1,0,Friedrichshain,0.502,5.101,0.098,1.0,5.64,5.64,1,3.17,1,1,7.3
2024-03-26 06:07:00,12,6,1,0,Mitte,0.57,6.422,0.089,1.045,10.38,10.86,0,0.0,1,1,19.2
2024-03-26 08:39:00,12,8,1,0,Kreuzberg,2.788,5.079,0.549,1.014,9.91,10.04,0,0.0,1,0,11.4
2024-03-26 09:35:00,12,9,1,0,Neukölln,2.85,4.719,0.604,1.0,4.51,4.51,1,3.42,1,1,9.6
2024-03-26 10:57:00,12,10,1,0,Kreuzberg,1.738,5.143,0.338,1.009,7.1,7.16,1,2.86,1,1,9.6
2024-03-26 11:34:00,12,11,1,0,Mitte,0.875,5.065,0.173,1.0,6.26,6.26,1,2.64,1,1,17.7
2024-03-26 12:08:00,12,12,1,0,Friedrichshain,2.606,5.611,0.464,1.044,6.44,6.72,0,0.0,1,1,13.6
2024-03-26 12:30:00,12,12,1,0,Prenzlauer Berg,1.126,5.318,0.212,1.042,11.86,12.37,0,0.0,1,0,7.6
2024-03-26 12:53:00,12,12,1,0,Wedding,0.456,5.624,0.081,1.021,9.14,9.34,0,0.0,1,1,18.0
2024-03-26 13:18:00,12,13,1,0,Charlottenburg,0.237,6.104,0.039,1.014,9.74,9.88,0,0.0,1,1,8.4
2024-03-26 13:32:00,12,13,1,0,Mitte,0.423,5.044,0.084,1.07,11.81,12.65,1,3.37,1,0,15.7
2024-03-26 20:29:00,12,20,1,0,Wedding,2.261,5.196,0.435,1.0,7.02,7.02,0,0.0,1,1,16.4
2024-03-26 20:45:00,12,20,1,0,Kreuzberg,1.695,4.537,0.374,1.0,10.41,10.41,0,0.0,1,0,21.2
2024-03-26 22:30:00,12,22,1,0,Kreuzberg,0.325,5.14,0.063,1.018,7.48,7.61,0,0.0,1,1,30.3
2024-03-27 11:54:00,12,11,2,0,Prenzlauer Berg,1.075,4.869,0.221,1.083,10.96,11.87,0,0.0,1,0,8.6
2024-03-27 12:10:00,12,12,2,0,Mitte,0.238,7.221,0.033,1.0,5.45,5.45,1,2.67,1,1,14.6
2024-03-27 14:17:00,12,14,2,0,Prenzlauer Berg,0.454,6.006,0.076,1.0,11.58,11.58,0,0.0,1,1,13.3
2024-03-27 14:53:00,12,14,2,0,Mitte,0.469,5.561,0.084,1.017,5.75,5.85,0,0.0,1,0,17.7
2024-03-27 15:19:00,12,15,2,0,Prenzlauer Berg,0.623,5.561,0.112,1.0,6.61,6.61,0,0.0,1,1,16.2
2024-03-27 16:33:00,12,16,2,0,Kreuzberg,1.824,4.857,0.376,1.0,10.05,10.05,0,0.0,1,1,12.9
2024-03-27 17:25:00,12,17,2,0,Friedrichshain,3.366,5.585,0.603,1.045,7.15,7.47,0,0.0,1,1,12.5
2024-03-27 20:27:00,12,20,2,0,Neukölln,1.655,4.832,0.343,1.093,8.87,9.69,0,0.0,1,1,9.5
2024-03-27 21:45:00,12,21,2,0,Mitte,0.551,5.094,0.108,1.008,7.56,7.62,0,0.0,1,1,22.1
2024-03-27 23:58:00,12,23,2,0,Kreuzberg,0.728,4.852,0.15,1.0,9.94,9.94,1,3.32,1,1,17.9
2024-03-28 05:41:00,12,5,3,0,Kreuzberg,0.17,5.866,0.029,1.0,5.83,5.83,1,3.19,1,1,21.5
2024-03-28 06:03:00,12,6,3,0,Mitte,0.634,5.573,0.114,1.01,4.47,4.51,1,1.75,1,1,13.1
2024-03-28 06:18:00,12,6,3,0,Neukölln,0.484,5.122,0.095,1.044,6.4,6.68,1,1.69,1,1,11.4
2024-03-28 06:56:00,12,6,3,0,Friedrichshain,1.472,4.5,0.327,1.019,7.79,7.94,0,0.0,1,1,9.7
2024-03-28 07:00:00,12,7,3,0,Mitte,1.494,5.573,0.268,1.0,5.34,5.34,0,0.0,1,0,17.2
2024-03-28 07:00:00,12,7,3,0,Kreuzberg,1.598,4.448,0.359,1.0,6.84,6.84,0,0.0,1,1,9.8
2024-03-28 11:02:00,12,11,3,0,Mitte,1.167,5.321,0.219,1.0,7.2,7.2,1,3.3,1,1,31.2
2024-03-28 13:42:00,12,13,3,0,Charlottenburg,0.756,6.844,0.11,1.033,4.46,4.61,1,3.35,1,1,8.8
2024-03-28 16:41:00,12,16,3,0,Mitte,1.727,4.741,0.364,1.037,8.67,8.98,1,2.31,1,1,16.6
2024-03-28 19:50:00,12,19,3,0,Wedding,3.852,3.812,1.01,1.0,11.07,11.07,0,0.0,1,1,27.8
2024-03-29 04:52:00,12,4,4,0,Neukölln,0.25,5.645,0.044,1.064,5.21,5.55,1,2.27,1,1,18.9
2024-03-29 09:56:00,12,9,4,0,Prenzlauer Berg,3.014,4.964,0.607,1.023,8.78,8.98,0,0.0,1,1,16.0
2024-03-29 14:18:00,12,14,4,0,Charlottenburg,0.172,5.414,0.032,1.056,9.32,9.84,0,0.0,1,1,10.1
2024-03-29 15:15:00,12,15,4,0,Wedding,0.575,6.846,0.084,1.0,7.35,7.35,0,0.0,1,0,8.6
2024-03-29 17:00:00,12,17,4,0,Charlottenburg,3.724,3.729,0.999,1.0,9.61,9.61,0,0.0,1,1,20.2
2024-03-29 17:45:00,12,17,4,0,Mitte,3.477,4.205,0.827,1.0,7.29,7.29,0,0.0,1,0,27.2
2024-03-29 18:12:00,12,18,4,0,Kreuzberg,4.23,4.28,0.988,1.02,8.04,8.2,0,0.0,1,0,12.5
2024-03-29 18:52:00,12,18,4,0,Neukölln,4.523,4.608,0.982,1.072,4.06,4.35,0,0.0,1,1,9.4
2024-03-29 19:08:00,12,19,4,0,Charlottenburg,3.783,3.794,0.997,1.028,9.53,9.8,0,0.0,1,1,5.6
2024-03-29 19:40:00,12,19,4,0,Charlottenburg,3.272,4.82,0.679,1.0,9.29,9.29,1,1.7,1,0,10.1
2024-03-29 20:30:00,12,20,4,0,Neukölln,2.021,4.775,0.423,1.0,4.31,4.31,0,0.0,1,0,14.2
2024-03-30 02:18:00,12,2,5,1,Neukölln,0.565,5.105,0.111,1.049,6.95,7.29,0,0.0,1,1,28.2
2024-03-30 02:30:00,12,2,5,1,Wedding,1.063,4.713,0.226,1.0,11.83,11.83,1,2.17,1,1,19.5
2024-03-30 03:29:00,12,3,5,1,Mitte,0.497,6.029,0.082,1.065,7.37,7.85,1,2.89,1,1,16.8
2024-03-30 08:48:00,12,8,5,1,Charlottenburg,4.831,3.412,1.416,1.0,8.02,8.02,0,0.0,1,1,12.7
2024-03-30 16:44:00,12,16,5,1,Friedrichshain,2.166,4.464,0.485,1.064,11.28,12.0,0,0.0,1,0,11.8
2024-03-30 17:14:00,12,17,5,1,Friedrichshain,4.187,3.74,1.12,1.027,9.74,10.0,0,0.0,1,0,26.1
2024-03-30 23:23:00,12,23,5,1,Charlottenburg,0.153,6.177,0.025,1.0,8.66,8.66,0,0.0,1,1,16.1
